,,43 Folders,456 Berea Street,A Consuming Experience (full feed),Autoblog,Boing Boing,BuzzMachine,Captain's Quarters,Copyblogger,Creating Passionate Users,Daily Kos,Derek Powazek,Engadget RSS Feed,Eschaton,Gizmodo,Go Fug Yourself,Google Blogoscoped,Google Operating System,Gothamist,Guy Kawasaki,Jeremy Zawodny's blog,Joel on Software,Joho the Blog,Joi Ito's Web,Kotaku,Latest from Crooks and Liars,Lifehack,Lifehacker,Mashable,"Matt Cutts: Gadgets, Google, and SEO",MetaFilter,Neil Gaiman's Journal,O'Reilly Radar,Oilman,"PaulStamatiou.com - Technology, Design and Photography",PerezHilton,ProBlogger,Quick Online Tips,ReadWrite,Schneier on Security,Scobleizer,Search Engine Roundtable,"Seth Godin's Blog on marketing, tribes and respect",ShoeMoney,Signal v. Noise - Medium,Slashdot,SpikedHumor - Today's Videos and Pictures,Steve Pavlina,TMZ.com,TechCrunch,Techdirt.,The Dish,The Full Feed from HuffingtonPost.com,The Official Google Blog,The Viral Garden,The Write News,ThinkProgress - Medium,WIL WHEATON dot NET,WIRED,blog maverick,kottke.org,mezzoblue,ongoing by Tim Bray,plasticbag.org
able,1.0,1.0,,,,,,,,,6.0,1.0,,,,,,4.0,1.0,,,3.0,,,,,,,,,,5.0,,,24.0,,33.0,,1.0,,,,,1.0,5.0,1.0,1.0,1.0,,,9.0,1.0,,8.0,2.0,,1.0,1.0,,,5.0,,,
according,1.0,,1.0,,1.0,1.0,,1.0,,,7.0,,,,,,,,4.0,,,,2.0,,,,,,2.0,,,,,,,3.0,,,,,,,,,,4.0,1.0,,,2.0,7.0,2.0,,1.0,2.0,,3.0,,,,1.0,,,
across,2.0,,,3.0,,1.0,,,,,1.0,,1.0,,,1.0,2.0,,,,8.0,,,,,,,,1.0,,,2.0,,,5.0,,4.0,,,,,,,,1.0,2.0,1.0,,1.0,2.0,1.0,,,18.0,,,5.0,1.0,,,5.0,,1.0,
action,,1.0,,1.0,,,,,,,5.0,,3.0,,2.0,,,1.0,,,,1.0,1.0,,,,,,3.0,,,,,,4.0,,3.0,,,,,,,,3.0,,,,,,5.0,,,,1.0,,3.0,3.0,,,4.0,,,
actually,,14.0,1.0,,,3.0,1.0,,,,7.0,,,3.0,1.0,,2.0,2.0,,,1.0,13.0,2.0,,,,,1.0,2.0,,,20.0,,1.0,31.0,,34.0,1.0,2.0,,,,,3.0,5.0,1.0,1.0,2.0,,,26.0,,,1.0,10.0,,2.0,8.0,2.0,1.0,7.0,,,1.0
ad,,1.0,,,,1.0,1.0,,,,3.0,,,4.0,1.0,,,2.0,,,,,,,,2.0,,,8.0,1.0,,,,,7.0,,16.0,,,,,,,1.0,,,1.0,,,3.0,1.0,,,,11.0,,,,,,,,2.0,
add,,1.0,1.0,17.0,,1.0,,,,3.0,2.0,,1.0,,2.0,,3.0,11.0,1.0,,,9.0,,,,,,,,,,1.0,,,18.0,,9.0,1.0,,1.0,1.0,,1.0,1.0,3.0,,1.0,,,,2.0,,,3.0,10.0,,,2.0,,,1.0,,,
added,,,,2.0,,,,,,,3.0,,,,,,1.0,2.0,,,1.0,2.0,1.0,,1.0,,,,1.0,,1.0,1.0,,,8.0,,2.0,,,,,,,,2.0,,,1.0,,,2.0,,,7.0,1.0,,2.0,,,,1.0,,,1.0
after,1.0,10.0,3.0,12.0,2.0,4.0,,3.0,,,23.0,4.0,2.0,1.0,1.0,,,3.0,7.0,,11.0,4.0,,2.0,,1.0,,,11.0,1.0,3.0,14.0,2.0,,42.0,2.0,18.0,,2.0,,1.0,,,2.0,4.0,5.0,3.0,1.0,5.0,,28.0,2.0,2.0,3.0,8.0,,20.0,6.0,,,6.0,,,
again,,10.0,,13.0,4.0,2.0,2.0,1.0,,,13.0,2.0,,,,1.0,,,2.0,,,3.0,,,,2.0,,,1.0,,,7.0,,,7.0,,28.0,,,,,,,1.0,3.0,,1.0,,,,19.0,,1.0,1.0,3.0,,3.0,6.0,,1.0,4.0,,1.0,
against,3.0,4.0,,2.0,,2.0,1.0,,1.0,1.0,14.0,1.0,2.0,3.0,,1.0,,1.0,1.0,,1.0,,,,1.0,1.0,,,4.0,,,1.0,,,1.0,1.0,,,,,,,,,,2.0,,,2.0,,18.0,1.0,3.0,1.0,,,11.0,1.0,,,1.0,,,
ago,1.0,3.0,2.0,,1.0,1.0,,1.0,,,4.0,2.0,4.0,1.0,1.0,,1.0,1.0,1.0,,6.0,,,1.0,,,,,,,1.0,17.0,,1.0,11.0,,7.0,,,,,1.0,,3.0,5.0,,2.0,1.0,1.0,,9.0,2.0,,5.0,5.0,,2.0,10.0,,1.0,5.0,,,1.0
all,1.0,58.0,5.0,14.0,1.0,7.0,,,2.0,4.0,48.0,10.0,3.0,3.0,1.0,,5.0,12.0,3.0,2.0,12.0,42.0,2.0,,4.0,5.0,6.0,4.0,12.0,,2.0,56.0,6.0,1.0,52.0,1.0,101.0,10.0,,2.0,,3.0,1.0,4.0,39.0,9.0,14.0,6.0,3.0,3.0,47.0,6.0,1.0,44.0,34.0,,12.0,45.0,,2.0,23.0,1.0,3.0,6.0
almost,1.0,13.0,,1.0,1.0,3.0,,,,,8.0,1.0,,1.0,1.0,,,,2.0,,,4.0,,,,,,,,,,10.0,,,6.0,,17.0,,,1.0,,,,,2.0,,,,,,6.0,1.0,,,3.0,,3.0,6.0,,1.0,3.0,,,
along,,1.0,1.0,,1.0,1.0,,1.0,,,2.0,1.0,1.0,2.0,1.0,,,,1.0,,5.0,,,,,,,,1.0,,,2.0,,,23.0,,8.0,,,,,,,,7.0,,,1.0,,,2.0,,,3.0,4.0,,,1.0,,,4.0,,,
already,,13.0,1.0,7.0,1.0,1.0,1.0,,1.0,,5.0,1.0,3.0,,,,1.0,,1.0,,1.0,14.0,,,,2.0,,,,,2.0,8.0,1.0,2.0,17.0,,19.0,,,,,,,,3.0,,,,1.0,,11.0,,,4.0,2.0,,1.0,3.0,,,,,,
also,1.0,27.0,1.0,10.0,,7.0,1.0,2.0,,,21.0,2.0,4.0,4.0,,,2.0,15.0,6.0,2.0,7.0,4.0,2.0,3.0,1.0,4.0,,1.0,26.0,2.0,1.0,15.0,,1.0,73.0,,89.0,,1.0,1.0,2.0,,,4.0,15.0,12.0,3.0,1.0,1.0,1.0,37.0,,1.0,22.0,10.0,1.0,20.0,9.0,,,17.0,1.0,,
always,,20.0,1.0,5.0,,1.0,,,,2.0,3.0,4.0,,4.0,,,2.0,2.0,,,1.0,5.0,,,,,,,,1.0,,7.0,,,17.0,,18.0,,,,,,,1.0,7.0,,,,,,5.0,1.0,,3.0,6.0,,1.0,6.0,,,5.0,,2.0,
am,,14.0,,,,1.0,1.0,,,1.0,5.0,3.0,,,1.0,1.0,1.0,,,,4.0,1.0,2.0,,,,,,,,,17.0,,,6.0,,15.0,,,,1.0,1.0,,11.0,1.0,,2.0,,,,11.0,2.0,,,26.0,,1.0,12.0,,1.0,2.0,,2.0,
amazing,,1.0,,,,2.0,,,,,,2.0,,,,,,,,,,3.0,1.0,,1.0,2.0,,,,,,6.0,,,2.0,,6.0,,,,,,,2.0,,,1.0,,,,3.0,,,2.0,5.0,,,4.0,2.0,,3.0,,,1.0
amazon,,1.0,,2.0,,6.0,,,,,,,,1.0,,,,2.0,,,,1.0,,,,,,,4.0,,,4.0,1.0,,21.0,,6.0,8.0,1.0,,,,,,,4.0,,,,,1.0,,,1.0,,,,,,,6.0,,,
america,,1.0,,,1.0,5.0,,1.0,,,14.0,,,1.0,1.0,2.0,,,1.0,2.0,,1.0,,,,2.0,,,2.0,,,1.0,,,,,1.0,,,,,,,,,1.0,4.0,,1.0,,2.0,2.0,,2.0,2.0,,,,,1.0,4.0,,,
american,3.0,2.0,,,,,1.0,1.0,,1.0,19.0,,,1.0,1.0,,,,4.0,,,,,,,,,,2.0,,1.0,13.0,,,,2.0,,,,,,,,,,,3.0,,,,4.0,,2.0,11.0,,,1.0,,,,1.0,,1.0,
amp,,11.0,,2.0,,,,,,,2.0,,,,1.0,,,4.0,,,,6.0,,,,1.0,,,,,,2.0,,,17.0,,1.0,,,,,2.0,,,2.0,1.0,,,,,,,,18.0,3.0,,7.0,2.0,,,5.0,,,
android,,,,,,,,,,,,,2.0,,,,1.0,10.0,,,,2.0,,,,,,2.0,2.0,,,,,,50.0,,,,,,1.0,,,1.0,25.0,6.0,,,,,2.0,,,20.0,,,,,,,,,,
another,2.0,10.0,,2.0,,,2.0,1.0,,,4.0,3.0,,1.0,,,2.0,4.0,1.0,,4.0,1.0,,1.0,,1.0,,3.0,2.0,1.0,,7.0,,,23.0,1.0,37.0,,,,,,,1.0,8.0,1.0,3.0,1.0,,1.0,12.0,2.0,,3.0,8.0,2.0,4.0,6.0,,,3.0,,1.0,1.0
answer,,2.0,,,,1.0,,,,,2.0,1.0,,,,,3.0,4.0,,,,6.0,,,,1.0,,,,,,,1.0,,3.0,,10.0,,,,,,,2.0,3.0,1.0,,,,,,1.0,,1.0,2.0,,1.0,,,,,1.0,,
any,9.0,38.0,4.0,2.0,1.0,1.0,,,,,18.0,,1.0,1.0,3.0,,3.0,4.0,,1.0,2.0,17.0,,,2.0,,1.0,,3.0,,1.0,16.0,,,51.0,,23.0,,,1.0,,3.0,1.0,3.0,9.0,4.0,2.0,,1.0,,35.0,1.0,2.0,7.0,8.0,,16.0,7.0,3.0,,9.0,1.0,2.0,1.0
anyone,,14.0,2.0,,,,,,,,2.0,,,2.0,,1.0,1.0,1.0,,,2.0,4.0,,,,,,,1.0,,1.0,8.0,,,1.0,,9.0,,,,,,,,2.0,1.0,,,,,12.0,2.0,,4.0,,,1.0,3.0,,1.0,2.0,,1.0,
anything,1.0,14.0,,4.0,,2.0,,,,,4.0,1.0,1.0,2.0,2.0,,,,1.0,1.0,2.0,5.0,,,1.0,2.0,,1.0,2.0,,,11.0,,,16.0,,5.0,,,1.0,,,,2.0,6.0,2.0,,,,,7.0,,,3.0,1.0,,,4.0,,,4.0,1.0,,
app,,8.0,,,,1.0,,,,5.0,2.0,,,,2.0,,4.0,16.0,,,,3.0,,,,,,2.0,,,,2.0,,,49.0,,1.0,,,,1.0,,,1.0,3.0,6.0,3.0,,,,,,,28.0,,4.0,,,,,1.0,,1.0,
appeared,2.0,,,,39.0,1.0,,,10.0,,3.0,,,,,,,,1.0,10.0,3.0,1.0,10.0,,,,21.0,,,,1.0,,,,2.0,,26.0,,10.0,,15.0,,,,,,,20.0,,,,,,,,,,,10.0,,,,,
apple,,1.0,,,,1.0,,,,,,,,2.0,2.0,,,1.0,,,,1.0,,,,,,,5.0,,,,2.0,,3.0,,,,,1.0,,,,,5.0,2.0,5.0,,,2.0,6.0,,,,1.0,,,2.0,1.0,3.0,,,,1.0
aren,,4.0,,,,1.0,,,,,5.0,,3.0,2.0,,,1.0,1.0,1.0,,,2.0,,,,1.0,,2.0,1.0,,1.0,2.0,,,,,5.0,,,,1.0,,1.0,,3.0,2.0,,,,1.0,4.0,,,4.0,11.0,,1.0,2.0,,,3.0,,,
around,,10.0,,,,1.0,,,2.0,,6.0,1.0,3.0,,1.0,,2.0,,4.0,,3.0,12.0,,,,3.0,1.0,1.0,4.0,1.0,,13.0,1.0,1.0,44.0,,31.0,,1.0,,2.0,1.0,1.0,2.0,3.0,1.0,4.0,,,2.0,13.0,4.0,1.0,18.0,7.0,,1.0,12.0,,,6.0,,,
art,,3.0,,,,2.0,,3.0,,,1.0,,,1.0,,,,,2.0,2.0,,16.0,,,,,,,1.0,,2.0,65.0,,,3.0,,2.0,,,,,,,,1.0,,,,,,5.0,1.0,,17.0,,,1.0,5.0,1.0,,13.0,,,
article,,4.0,,,,,,,1.0,,,,,,,,,2.0,,,,,1.0,,,,,,,,2.0,2.0,1.0,,11.0,,3.0,10.0,2.0,,,,,,1.0,,1.0,,,,3.0,,,,2.0,,,,,,1.0,,,
ask,,9.0,,,,1.0,,,2.0,,3.0,1.0,,,1.0,,,3.0,,,1.0,19.0,,,1.0,,2.0,2.0,,,,4.0,,,9.0,,7.0,,,,,,,,4.0,,,,,,2.0,,,1.0,3.0,,1.0,2.0,,,2.0,1.0,,
asked,1.0,1.0,,1.0,1.0,,2.0,,,,4.0,,,,,,1.0,,,,4.0,2.0,,1.0,1.0,1.0,,,2.0,,,7.0,,,8.0,,28.0,,,,,,,,6.0,5.0,,,,,1.0,,,2.0,1.0,,4.0,7.0,,2.0,,,,
available,,5.0,,2.0,1.0,4.0,,,,,,1.0,2.0,,1.0,,,7.0,,,2.0,4.0,,,,,,,,,,3.0,1.0,,7.0,1.0,4.0,,2.0,1.0,,,,1.0,,4.0,,21.0,,,8.0,,,18.0,,,3.0,2.0,,,1.0,,,
away,,7.0,,,,1.0,,,,,1.0,1.0,1.0,1.0,,,,1.0,1.0,,4.0,2.0,,,,2.0,,1.0,1.0,1.0,,18.0,,,10.0,1.0,21.0,,,,1.0,,,,3.0,,1.0,4.0,1.0,,3.0,,,2.0,3.0,,1.0,4.0,,,1.0,,1.0,
b,,6.0,,1.0,,,,,,,,,,,,,4.0,2.0,,,1.0,1.0,3.0,,,1.0,,,1.0,,,5.0,,,11.0,,1.0,,,,,,,,2.0,,,,,1.0,2.0,,,24.0,2.0,,,1.0,,,,,1.0,
back,,25.0,,8.0,4.0,8.0,,2.0,2.0,,16.0,2.0,,1.0,3.0,,3.0,8.0,1.0,,16.0,5.0,1.0,1.0,1.0,1.0,2.0,3.0,3.0,1.0,1.0,35.0,,1.0,27.0,,47.0,,,,5.0,,1.0,1.0,18.0,1.0,2.0,1.0,1.0,,17.0,3.0,3.0,10.0,19.0,,8.0,12.0,1.0,2.0,12.0,1.0,,
bad,,6.0,,,,2.0,,1.0,,,4.0,3.0,,2.0,,,,,1.0,,,4.0,,,,2.0,,,5.0,,1.0,4.0,,,4.0,,1.0,,,,,,,1.0,4.0,2.0,,,,,11.0,1.0,1.0,,3.0,,3.0,4.0,,,7.0,,1.0,
based,2.0,2.0,,2.0,1.0,2.0,1.0,,2.0,1.0,1.0,,,,,,1.0,,,,,2.0,2.0,,,,,1.0,1.0,,,2.0,,,6.0,,7.0,,1.0,1.0,1.0,,1.0,2.0,,1.0,,,,,5.0,,,5.0,,,1.0,2.0,,,,,,
because,1.0,57.0,1.0,13.0,,3.0,1.0,,,,27.0,3.0,,5.0,1.0,,5.0,2.0,7.0,3.0,6.0,18.0,2.0,,,5.0,,,1.0,,,31.0,1.0,,8.0,3.0,64.0,,,,2.0,,1.0,2.0,20.0,,3.0,1.0,1.0,,27.0,1.0,,2.0,40.0,,8.0,58.0,,,7.0,,1.0,
become,,12.0,,,,3.0,,1.0,,,4.0,,1.0,,,,,2.0,1.0,,,,2.0,,,,,1.0,,,,4.0,2.0,,2.0,,9.0,,1.0,,,,,,3.0,,,,,,5.0,1.0,2.0,1.0,11.0,,,2.0,,,2.0,,,
before,,13.0,2.0,13.0,,3.0,1.0,,1.0,1.0,8.0,1.0,,2.0,1.0,1.0,,3.0,6.0,,12.0,4.0,,,,3.0,,2.0,3.0,,,23.0,,,23.0,,26.0,,,,,,2.0,2.0,2.0,3.0,2.0,1.0,2.0,,21.0,1.0,,5.0,9.0,,11.0,13.0,,,8.0,,,
behind,,2.0,1.0,,,,,,,,1.0,,1.0,,,,,,1.0,,4.0,1.0,,,,,,1.0,1.0,,,4.0,,,9.0,,3.0,,,,,,,,,2.0,,,,1.0,4.0,1.0,,,1.0,1.0,4.0,8.0,,,3.0,1.0,,
being,,17.0,1.0,,,,,,1.0,,13.0,,1.0,4.0,,,,,4.0,,4.0,5.0,1.0,,,3.0,1.0,,3.0,,,11.0,,1.0,17.0,,20.0,,,1.0,,,,2.0,5.0,4.0,1.0,2.0,2.0,2.0,27.0,,,1.0,18.0,1.0,3.0,11.0,,,9.0,,,2.0
believe,,9.0,,,,,1.0,,,1.0,3.0,,,,1.0,,,,4.0,,,2.0,1.0,,,,,,,,,4.0,,,3.0,,2.0,,,,,,,,3.0,1.0,,,,,10.0,,,,1.0,,,5.0,,,4.0,,,
best,,14.0,1.0,4.0,3.0,2.0,,1.0,1.0,,6.0,1.0,1.0,1.0,4.0,,4.0,,3.0,,2.0,6.0,,,3.0,2.0,,3.0,1.0,,1.0,8.0,,,20.0,,13.0,3.0,,,,,,5.0,4.0,,6.0,23.0,,,2.0,,,11.0,8.0,1.0,1.0,7.0,,1.0,9.0,,,
better,,27.0,,2.0,4.0,4.0,,,,1.0,5.0,,2.0,2.0,1.0,1.0,,5.0,1.0,,2.0,11.0,1.0,,1.0,,2.0,2.0,,1.0,1.0,6.0,,,63.0,,40.0,2.0,,,3.0,,,,8.0,1.0,,1.0,1.0,2.0,7.0,2.0,1.0,5.0,10.0,,,8.0,,,6.0,,,1.0
between,2.0,3.0,,1.0,1.0,1.0,,1.0,1.0,,20.0,4.0,,1.0,,1.0,,3.0,2.0,,2.0,1.0,,,,,,,,,1.0,13.0,,,23.0,,3.0,,1.0,,,,,,,,2.0,,,2.0,9.0,1.0,,5.0,2.0,,7.0,2.0,,,4.0,,,
big,,25.0,,1.0,2.0,1.0,,1.0,1.0,,14.0,1.0,1.0,3.0,,,,1.0,1.0,,,12.0,,,,1.0,,,,,,6.0,,1.0,9.0,1.0,16.0,,,,1.0,,1.0,4.0,6.0,2.0,1.0,,5.0,,9.0,2.0,,2.0,13.0,,1.0,7.0,,,5.0,,2.0,
bit,,7.0,4.0,13.0,3.0,1.0,,,,,2.0,,1.0,2.0,,,,,1.0,,11.0,10.0,,,,1.0,,,1.0,,,12.0,,1.0,41.0,1.0,98.0,,,,,,,1.0,2.0,,1.0,,,,3.0,,,1.0,8.0,,1.0,7.0,1.0,,4.0,,,1.0
black,,1.0,,,1.0,3.0,,,,,11.0,1.0,2.0,,,1.0,,,,,,,,,,,,,3.0,,,6.0,,1.0,2.0,,1.0,,,,,,,,3.0,2.0,2.0,,,2.0,,,1.0,7.0,1.0,,3.0,1.0,,,2.0,,,
blog,,5.0,,15.0,,,1.0,1.0,1.0,3.0,2.0,1.0,,,,,1.0,4.0,,,3.0,5.0,10.0,3.0,,,,,,3.0,,16.0,,2.0,14.0,,147.0,,,1.0,6.0,,,1.0,1.0,,,,,,,6.0,,3.0,46.0,3.0,,2.0,,,2.0,,,2.0
book,,25.0,,,,12.0,,,5.0,,1.0,6.0,1.0,,1.0,,,,,,1.0,,,,,,,1.0,1.0,,,66.0,,,2.0,,6.0,5.0,,,,,,,4.0,,,20.0,,,5.0,3.0,,1.0,,,,4.0,,,17.0,,,
books,,1.0,,,,8.0,,,2.0,,1.0,,,,,,,,,,1.0,,4.0,,,,,3.0,,,,39.0,,,2.0,,,1.0,1.0,,,,,1.0,,,,,,,6.0,1.0,,4.0,,,,3.0,,,14.0,,1.0,
both,,8.0,1.0,10.0,,,,,,1.0,10.0,2.0,1.0,2.0,,,2.0,4.0,2.0,,4.0,11.0,,,1.0,2.0,,2.0,2.0,,1.0,8.0,1.0,1.0,11.0,,17.0,,,,1.0,1.0,,,2.0,3.0,,,1.0,2.0,9.0,,,7.0,6.0,,4.0,,,,2.0,,1.0,
build,,2.0,,,,1.0,,,,,2.0,,,1.0,,,,2.0,,,1.0,6.0,,,,,,1.0,2.0,,,,,,25.0,,42.0,,,,,,,,,,,1.0,,3.0,3.0,,1.0,7.0,6.0,,1.0,1.0,,1.0,,,2.0,
building,,3.0,,,,1.0,,,,,6.0,,,,,,,,5.0,,,6.0,,,,1.0,,,1.0,,1.0,,,,16.0,,13.0,,2.0,,,,1.0,,,,,1.0,,,1.0,,,3.0,4.0,,1.0,2.0,,,2.0,,,
built,,2.0,,1.0,,,,,1.0,,,,,,,,,1.0,,1.0,,8.0,,,,1.0,1.0,,,,2.0,,,,12.0,,4.0,,1.0,,,,,,,1.0,1.0,2.0,,,6.0,,,7.0,,,,1.0,2.0,,2.0,,,
business,,8.0,,,,2.0,4.0,,,,9.0,1.0,,,,,,,,,4.0,9.0,,,,,,,,,,,,,1.0,,41.0,,,,1.0,,1.0,4.0,20.0,2.0,,19.0,,2.0,7.0,,,,13.0,,3.0,,2.0,,2.0,,,
busy,,4.0,,,3.0,,,,,,,,1.0,2.0,,,,,1.0,,2.0,,,,,,2.0,,,,,1.0,,,6.0,,2.0,,,,,1.0,,,,,1.0,,,,1.0,1.0,,2.0,2.0,,,3.0,,,,,,
buy,,5.0,,,3.0,1.0,,,,,4.0,1.0,,,,,,2.0,1.0,,3.0,4.0,,,1.0,,,,2.0,,,3.0,,,5.0,,5.0,3.0,,,,,,,1.0,3.0,,,,,,,,2.0,2.0,1.0,,2.0,2.0,,,,,
c,,,1.0,4.0,3.0,,,,,,9.0,,1.0,,1.0,,,,,,,,,,1.0,1.0,,,4.0,1.0,,,,,9.0,,,,,2.0,,,,2.0,3.0,,,,,,3.0,,1.0,8.0,,,5.0,6.0,,,4.0,,1.0,
call,1.0,3.0,,,,2.0,2.0,,,,6.0,1.0,,,1.0,,,,1.0,,1.0,4.0,,,,2.0,,1.0,,,,8.0,,,20.0,,5.0,,,,,,,,6.0,1.0,1.0,,,,3.0,,,8.0,1.0,,2.0,3.0,,,1.0,,2.0,
called,,3.0,,4.0,,4.0,,,,,10.0,,,,,1.0,1.0,4.0,2.0,,2.0,7.0,,,1.0,2.0,,1.0,2.0,1.0,1.0,12.0,,1.0,13.0,,9.0,2.0,2.0,,,,,1.0,1.0,4.0,1.0,2.0,,1.0,4.0,,,1.0,4.0,2.0,3.0,5.0,,,4.0,,,1.0
came,1.0,1.0,,2.0,,1.0,,,,,6.0,1.0,,,,,,,,,1.0,1.0,1.0,,,1.0,,,,,,12.0,,,10.0,,13.0,1.0,,,,,,,4.0,,,,2.0,,1.0,,,1.0,1.0,,2.0,3.0,,,3.0,,,1.0
camera,,,,,,,,,,,,1.0,7.0,,1.0,,,1.0,,,1.0,,,,,,,3.0,1.0,1.0,,,,,25.0,,5.0,,,,,,,,,6.0,1.0,,,4.0,1.0,2.0,,12.0,,3.0,2.0,2.0,,,3.0,,,
can,,85.0,8.0,31.0,3.0,9.0,1.0,1.0,3.0,2.0,33.0,8.0,3.0,4.0,7.0,1.0,10.0,36.0,9.0,,16.0,50.0,1.0,,7.0,2.0,13.0,10.0,6.0,3.0,5.0,44.0,1.0,1.0,153.0,1.0,217.0,2.0,1.0,6.0,3.0,,1.0,11.0,39.0,13.0,5.0,23.0,1.0,5.0,34.0,4.0,3.0,86.0,45.0,,14.0,40.0,4.0,2.0,20.0,1.0,5.0,1.0
car,1.0,3.0,,,6.0,1.0,,,,,3.0,1.0,2.0,,2.0,,1.0,1.0,3.0,1.0,,3.0,,,,,,,4.0,,,,,,4.0,,,,4.0,2.0,,,,,1.0,1.0,4.0,,1.0,,1.0,,,1.0,,,7.0,1.0,,,2.0,,,
care,,27.0,,1.0,,,,2.0,,,2.0,,,2.0,,,,,,,,3.0,1.0,,,2.0,,,1.0,,1.0,3.0,,,3.0,,3.0,,,,,,,1.0,5.0,1.0,,,,,,,,1.0,1.0,,3.0,5.0,,,2.0,,3.0,
cars,,2.0,,,4.0,2.0,,,,,,,,1.0,2.0,,,1.0,,,,1.0,,,,,,,8.0,,,,,,,,1.0,,7.0,,,,,,,,1.0,,,1.0,2.0,,,1.0,,,2.0,,3.0,,4.0,,,
case,,3.0,1.0,6.0,,1.0,,,,,6.0,,,1.0,,1.0,1.0,,,3.0,1.0,3.0,1.0,,1.0,,,,2.0,,,7.0,,,13.0,,7.0,1.0,1.0,1.0,,,,,,1.0,,4.0,,,24.0,1.0,,,8.0,,9.0,,,1.0,2.0,,1.0,
chance,,3.0,,,,1.0,,,,,1.0,1.0,1.0,,,,,,,,2.0,,,,,,,,,,,2.0,,,1.0,,2.0,,,,,,,,1.0,,1.0,1.0,3.0,,6.0,3.0,,4.0,5.0,,,1.0,,,2.0,,,
change,,13.0,1.0,6.0,,1.0,2.0,1.0,,1.0,12.0,1.0,,,,,1.0,3.0,,,1.0,4.0,,,,,,,4.0,,,6.0,,1.0,17.0,,8.0,1.0,,,1.0,,,,16.0,2.0,1.0,,,,6.0,,,,3.0,1.0,1.0,4.0,,,5.0,,,
changes,,4.0,,2.0,,1.0,,,,,1.0,,1.0,,,,1.0,,,,3.0,9.0,,,1.0,,,,,,,1.0,,,3.0,1.0,4.0,,,,,1.0,2.0,,7.0,4.0,,,,1.0,,,,,1.0,2.0,1.0,2.0,,,3.0,,,
check,1.0,2.0,,5.0,,1.0,,,,,2.0,,,,2.0,,,2.0,2.0,,2.0,1.0,,,,,,1.0,,,,1.0,,,7.0,,12.0,1.0,,,1.0,,,3.0,3.0,1.0,,,,,4.0,,,3.0,7.0,,1.0,3.0,,,2.0,,,
city,1.0,,,,2.0,3.0,1.0,,,,9.0,,1.0,5.0,,,,,6.0,,,6.0,,,,,,,1.0,,,2.0,,,3.0,,,,2.0,,,,,,1.0,2.0,2.0,,,1.0,20.0,,,8.0,,,9.0,1.0,,1.0,2.0,,,
clear,,7.0,,3.0,,1.0,,,,,6.0,1.0,,,1.0,,,,,,3.0,,,,,,,,,,,1.0,,,4.0,,2.0,,,1.0,,,1.0,,3.0,1.0,,,,,10.0,,1.0,2.0,,,2.0,2.0,,,1.0,,,1.0
click,,2.0,,21.0,,,,,1.0,,9.0,,,1.0,,,2.0,7.0,,,,3.0,,,1.0,,,,,,,4.0,,,11.0,,10.0,,,,,,,3.0,4.0,,,,,,3.0,,,2.0,3.0,,,,,,,,,
clinton,4.0,,,,,,3.0,2.0,,,74.0,,,2.0,,,,,,,,,2.0,,,7.0,,,1.0,,,,,,,3.0,,,,,,,,,,5.0,,,,,1.0,,,,,,1.0,,,,7.0,,,
close,,2.0,,7.0,,1.0,,,,,5.0,1.0,,,1.0,,,1.0,,,,1.0,,,,1.0,,,,,1.0,2.0,,,5.0,,4.0,,,,,,,,1.0,,,,1.0,1.0,6.0,1.0,,1.0,5.0,1.0,3.0,5.0,,1.0,,,,
co,,,,1.0,,2.0,,,,,4.0,,1.0,,,,,,,1.0,,2.0,,1.0,1.0,1.0,,,4.0,,,6.0,,,1.0,,3.0,,,,,,,6.0,7.0,1.0,,,1.0,,3.0,,,4.0,2.0,,3.0,,,,2.0,,,
com,,17.0,,2.0,3.0,2.0,,,,,4.0,1.0,,1.0,2.0,,,3.0,,,,3.0,5.0,,2.0,2.0,2.0,,10.0,,,29.0,3.0,1.0,24.0,,9.0,7.0,,,4.0,,,3.0,11.0,3.0,6.0,1.0,,1.0,1.0,1.0,,47.0,22.0,15.0,3.0,1.0,,3.0,,,10.0,
come,,5.0,1.0,,4.0,,1.0,,,,12.0,3.0,,2.0,,,1.0,,,,1.0,5.0,,,3.0,,1.0,2.0,2.0,,,9.0,,,13.0,,45.0,,1.0,,4.0,,,13.0,10.0,1.0,,,1.0,,9.0,,,6.0,7.0,,2.0,3.0,,,5.0,1.0,,
comes,,5.0,1.0,,3.0,5.0,,1.0,,,4.0,1.0,1.0,,1.0,,1.0,2.0,,,,,,,,1.0,,,1.0,,,6.0,,1.0,8.0,,15.0,,,,3.0,,,,2.0,3.0,,,1.0,,4.0,,,1.0,2.0,,4.0,4.0,,,8.0,1.0,,
coming,1.0,1.0,,,,1.0,,,,,6.0,1.0,1.0,,1.0,,,,4.0,,3.0,1.0,,,1.0,1.0,,,2.0,,,15.0,,,4.0,1.0,16.0,,2.0,,2.0,,,1.0,3.0,,1.0,1.0,,,3.0,,,2.0,12.0,,,3.0,,,2.0,,,
community,,,,,,2.0,1.0,,1.0,1.0,2.0,3.0,,,,,,,,,,2.0,,,,3.0,,,1.0,,,,,,6.0,,6.0,,,,,,1.0,,9.0,2.0,,,,,10.0,,,1.0,10.0,,10.0,,,,3.0,,,
companies,,2.0,,,,,,,,,4.0,,,,1.0,,,,,,,11.0,,,,,,,4.0,,,,,,,,2.0,,,2.0,4.0,,,2.0,1.0,2.0,,,,2.0,7.0,,6.0,1.0,29.0,,,,,1.0,1.0,,,
company,,2.0,,,,1.0,,,,,4.0,1.0,8.0,1.0,,,,,,4.0,2.0,10.0,,,1.0,,,,2.0,,,,,,3.0,,1.0,3.0,4.0,1.0,1.0,,,4.0,6.0,4.0,,,,9.0,9.0,,,3.0,13.0,,,2.0,,1.0,1.0,,,2.0
conference,,3.0,,,,,,,,,4.0,1.0,1.0,,,,,,,1.0,,,,,,,,,2.0,,,,,,,,6.0,,,,,,,2.0,3.0,,,,,1.0,,,,3.0,6.0,2.0,2.0,,,,,,,
content,,1.0,3.0,,,,,,3.0,,2.0,1.0,,,,20.0,,4.0,,,1.0,1.0,,,,,,,,1.0,1.0,2.0,2.0,,7.0,,155.0,1.0,,,1.0,,,,,2.0,,,,1.0,7.0,2.0,,7.0,15.0,,1.0,2.0,,,,,,1.0
continue,,4.0,,3.0,39.0,,,,,,2.0,4.0,,,,,,2.0,1.0,,,5.0,,,,,1.0,,,,,1.0,,,3.0,,5.0,,1.0,,14.0,,,,1.0,,,,,,5.0,1.0,,4.0,1.0,,1.0,,,,,,,
control,,3.0,,,1.0,2.0,,,,,1.0,,,,1.0,,,,,,2.0,13.0,,,,,,,1.0,,,2.0,,,24.0,,1.0,,,,,,,1.0,2.0,1.0,,1.0,,,5.0,,1.0,6.0,,,,6.0,,,1.0,,,
conversation,,1.0,,,,,,,,,,,,,,,,2.0,,,,,,11.0,,,,,,,,5.0,,,5.0,,2.0,,,,3.0,,,,17.0,,,1.0,,,1.0,,,1.0,5.0,,10.0,,,,3.0,,1.0,
cool,,3.0,,,,3.0,,,1.0,,,2.0,,,,,,,,,1.0,1.0,,,,,,,,,,2.0,,2.0,3.0,,1.0,,,,,,,,3.0,,5.0,,,,2.0,,,1.0,5.0,,,6.0,,,1.0,,,
could,,24.0,1.0,7.0,3.0,3.0,2.0,,,1.0,21.0,1.0,1.0,1.0,1.0,,1.0,,3.0,,13.0,13.0,,1.0,,,2.0,2.0,3.0,1.0,2.0,32.0,2.0,1.0,50.0,,46.0,,2.0,1.0,2.0,,,1.0,7.0,3.0,1.0,,1.0,,31.0,1.0,4.0,6.0,8.0,1.0,5.0,20.0,,,5.0,,,3.0
couple,,7.0,1.0,1.0,,,1.0,,,,3.0,4.0,1.0,1.0,,,,,2.0,,2.0,1.0,,,,,,2.0,,2.0,,9.0,,2.0,,,37.0,,,,,,,1.0,3.0,1.0,1.0,,,,1.0,,,2.0,6.0,,4.0,8.0,,,,,,1.0
course,,2.0,1.0,,,2.0,,,1.0,,10.0,1.0,,,,,,,,,3.0,2.0,,,,5.0,,1.0,1.0,,1.0,2.0,,,16.0,,8.0,,,,,,1.0,1.0,1.0,2.0,,1.0,,,15.0,,,,3.0,,,1.0,,,2.0,,1.0,
create,,,1.0,2.0,,,,,2.0,,1.0,2.0,1.0,,,,1.0,5.0,,,,3.0,,,,,,,,,,1.0,,,20.0,,35.0,3.0,,,,,1.0,,,2.0,,1.0,,1.0,3.0,,,7.0,11.0,,3.0,,,,2.0,,,
creating,,,,1.0,,,,,,2.0,2.0,,,,,,,1.0,1.0,,,2.0,,,,,,,,,,,,,8.0,,12.0,,1.0,,,,,,,1.0,,2.0,,,,,,4.0,6.0,,2.0,,,,1.0,2.0,,
customers,,3.0,,,,,,,2.0,,,,1.0,2.0,,,,,,1.0,2.0,1.0,,,,,,,,,,1.0,,,5.0,,10.0,,1.0,,,,,,4.0,3.0,,,,,5.0,,,,19.0,,1.0,,,,,,,
d,,45.0,3.0,7.0,,1.0,1.0,,1.0,,18.0,2.0,2.0,1.0,1.0,,2.0,2.0,1.0,1.0,13.0,5.0,1.0,1.0,,,1.0,1.0,3.0,1.0,,36.0,1.0,,30.0,,22.0,,3.0,,,,,1.0,11.0,,1.0,1.0,,2.0,6.0,1.0,5.0,8.0,6.0,,12.0,16.0,,,4.0,1.0,3.0,1.0
data,,3.0,5.0,3.0,,,3.0,,,,1.0,,,1.0,,,,,,,4.0,1.0,1.0,,,,,1.0,,,,,2.0,,40.0,,,,1.0,1.0,,,,,19.0,7.0,,,,1.0,7.0,,,13.0,,,2.0,,,,2.0,,,
day,,16.0,,1.0,,9.0,1.0,2.0,,,11.0,2.0,2.0,,,,3.0,3.0,4.0,3.0,8.0,2.0,,,,2.0,7.0,3.0,6.0,3.0,1.0,21.0,,,19.0,,22.0,1.0,2.0,,,,1.0,3.0,21.0,6.0,1.0,6.0,,2.0,9.0,9.0,,19.0,21.0,,1.0,14.0,,2.0,4.0,,1.0,1.0
days,,7.0,,1.0,,2.0,1.0,,,,12.0,4.0,1.0,1.0,,,,,1.0,2.0,,4.0,,,,1.0,1.0,,2.0,2.0,,19.0,,2.0,16.0,,52.0,,,,,1.0,,1.0,8.0,3.0,5.0,5.0,1.0,,2.0,,,3.0,8.0,,9.0,12.0,,1.0,2.0,,1.0,1.0
deal,,2.0,,,3.0,,,,,,4.0,1.0,,1.0,,,,,1.0,,,1.0,,,,,,,2.0,,,4.0,,1.0,4.0,,6.0,,,,,,,2.0,1.0,1.0,3.0,,,,15.0,,,,1.0,4.0,1.0,4.0,,,,,,
decided,,18.0,,,,,,1.0,,,2.0,1.0,1.0,,1.0,1.0,,,,,6.0,5.0,,,,,,,1.0,1.0,1.0,2.0,,1.0,11.0,,3.0,,1.0,,,,,,,,,,,,5.0,,,3.0,6.0,,2.0,5.0,,1.0,,1.0,,
design,,10.0,2.0,,3.0,4.0,,,,2.0,,1.0,1.0,,1.0,,1.0,,,,,,,,,,,,,,,2.0,,,83.0,,2.0,,,,,,1.0,,,2.0,,3.0,,1.0,,,,8.0,,1.0,1.0,,,,8.0,1.0,,3.0
did,,13.0,,3.0,3.0,6.0,2.0,3.0,,,12.0,4.0,,2.0,,,1.0,,2.0,,7.0,4.0,3.0,,,1.0,,,1.0,2.0,,21.0,,,25.0,,54.0,1.0,,,,1.0,,,7.0,2.0,2.0,3.0,,,21.0,2.0,,,11.0,,2.0,19.0,,,5.0,,,
didn,,8.0,1.0,4.0,3.0,,1.0,1.0,,,5.0,1.0,,1.0,,,,1.0,3.0,,11.0,25.0,1.0,,,1.0,,,,,1.0,14.0,,,24.0,,15.0,,,,1.0,1.0,,,2.0,1.0,,,,1.0,11.0,3.0,2.0,,14.0,,3.0,27.0,,,6.0,1.0,,1.0
different,,7.0,5.0,3.0,,3.0,1.0,,,,11.0,,,,2.0,,2.0,2.0,,,1.0,11.0,,,,,3.0,1.0,2.0,,,11.0,,,7.0,,41.0,,,,,,1.0,3.0,9.0,1.0,,,,,7.0,1.0,,4.0,4.0,,3.0,10.0,,1.0,8.0,,,
directly,,2.0,,,,,,,,,3.0,1.0,,,2.0,,,2.0,,,,1.0,,,2.0,1.0,,,,,,2.0,,,9.0,,2.0,,,,,,,,4.0,,,,,,3.0,,,3.0,1.0,1.0,,1.0,,,1.0,,,
do,,74.0,4.0,16.0,,10.0,,,,2.0,26.0,7.0,1.0,6.0,1.0,,3.0,1.0,3.0,6.0,6.0,31.0,3.0,,1.0,5.0,11.0,1.0,1.0,,1.0,39.0,1.0,,72.0,,241.0,1.0,,,1.0,1.0,1.0,4.0,25.0,3.0,2.0,3.0,,,35.0,3.0,1.0,18.0,39.0,,8.0,40.0,,4.0,20.0,,2.0,1.0
does,1.0,5.0,,1.0,,1.0,1.0,,,2.0,7.0,,,1.0,1.0,1.0,,1.0,,,3.0,4.0,1.0,,,1.0,2.0,1.0,1.0,,,5.0,,,20.0,,26.0,,,,1.0,,7.0,,4.0,3.0,2.0,,,,13.0,,,3.0,5.0,,14.0,10.0,,,4.0,1.0,1.0,
doesn,,18.0,1.0,7.0,,4.0,,,,,13.0,,1.0,1.0,1.0,,,7.0,2.0,2.0,1.0,10.0,,,,2.0,,,3.0,,,7.0,,2.0,13.0,,20.0,,,,,,1.0,,5.0,1.0,1.0,,1.0,,10.0,1.0,1.0,,3.0,,2.0,9.0,,,4.0,1.0,2.0,1.0
doing,,16.0,1.0,1.0,,,1.0,,,,7.0,1.0,,,2.0,,2.0,1.0,1.0,,2.0,3.0,,,,,,,,,,21.0,,,6.0,,30.0,,,1.0,,,,2.0,4.0,3.0,,3.0,1.0,,9.0,1.0,,2.0,14.0,,3.0,26.0,,1.0,4.0,1.0,,1.0
don,,46.0,4.0,17.0,,4.0,1.0,,1.0,,14.0,4.0,1.0,3.0,3.0,,4.0,3.0,3.0,,1.0,22.0,3.0,,1.0,3.0,4.0,5.0,2.0,,,8.0,,1.0,41.0,,75.0,1.0,,1.0,2.0,3.0,,7.0,27.0,3.0,3.0,5.0,2.0,,17.0,4.0,2.0,9.0,14.0,,3.0,18.0,,3.0,13.0,,1.0,1.0
done,,10.0,,1.0,,3.0,,1.0,3.0,,9.0,1.0,1.0,,,,,1.0,1.0,,,6.0,1.0,,1.0,,,2.0,,,,8.0,,,21.0,,31.0,,,,1.0,,,4.0,4.0,,1.0,1.0,,,10.0,,,1.0,3.0,,,11.0,,1.0,4.0,,2.0,
down,,9.0,4.0,9.0,1.0,4.0,,2.0,2.0,,16.0,2.0,,1.0,1.0,,1.0,,5.0,,25.0,4.0,,,1.0,1.0,,2.0,2.0,,,6.0,,1.0,26.0,,37.0,,,2.0,,,,1.0,4.0,1.0,3.0,,1.0,1.0,12.0,1.0,1.0,2.0,2.0,,4.0,8.0,,,3.0,,,
driving,,,,,5.0,2.0,,,,,1.0,,4.0,1.0,4.0,,,,,,,,,,,,,,5.0,,,,,,1.0,,1.0,,6.0,,,,,,,,3.0,,,3.0,1.0,,,,3.0,,,,3.0,,1.0,,,
during,2.0,2.0,,,3.0,,1.0,,,,8.0,,,2.0,1.0,2.0,,,,,2.0,1.0,,,,2.0,2.0,2.0,6.0,,,1.0,,,12.0,1.0,4.0,,,,,,,1.0,1.0,5.0,,1.0,2.0,,7.0,2.0,,1.0,8.0,,5.0,5.0,,,2.0,,,
e,,3.0,,4.0,3.0,1.0,,,,,7.0,,4.0,,,,,,1.0,,,,,,4.0,,,,,,,7.0,,,2.0,,,,,,,1.0,,,4.0,2.0,,1.0,,,6.0,,,3.0,,,1.0,4.0,,,2.0,,1.0,
each,,13.0,2.0,2.0,,2.0,,1.0,,,6.0,1.0,,,,,3.0,,,,5.0,6.0,,,,1.0,,1.0,1.0,1.0,,13.0,,,15.0,,25.0,,,,3.0,,,3.0,3.0,4.0,,,,1.0,7.0,,,12.0,3.0,,3.0,3.0,,,10.0,,1.0,
earlier,,2.0,,3.0,,,,1.0,,,3.0,,2.0,1.0,,,,,,,,,,,,2.0,,,4.0,1.0,,3.0,,,10.0,,3.0,,1.0,,,,,,2.0,1.0,,,,,5.0,,1.0,1.0,1.0,,3.0,,,,,,,
early,,4.0,,,,2.0,1.0,,,,7.0,1.0,,,,1.0,,,3.0,1.0,,3.0,,,,,,,2.0,2.0,,3.0,,,11.0,,8.0,,,,,1.0,,,,1.0,1.0,5.0,,,5.0,1.0,,,2.0,,,,1.0,,6.0,,,
easy,,5.0,1.0,2.0,,4.0,,,,,,2.0,2.0,,1.0,,1.0,4.0,,1.0,,4.0,,,1.0,1.0,4.0,2.0,1.0,1.0,,2.0,,,16.0,,2.0,2.0,,,,,,,2.0,,,,,,4.0,,1.0,5.0,2.0,,,6.0,,,,,2.0,
either,,7.0,2.0,1.0,,,,,,,5.0,,,,,,,,,,3.0,4.0,,,,,,,,,,2.0,,,11.0,,6.0,,,,2.0,,,,2.0,2.0,,,,,3.0,1.0,,,2.0,,2.0,5.0,,,,,,
else,,7.0,,3.0,,,1.0,,,,7.0,1.0,,,1.0,,2.0,,,1.0,1.0,5.0,1.0,,,,,,1.0,,,3.0,,1.0,7.0,,24.0,,,,,,,,4.0,,1.0,,,,2.0,1.0,2.0,2.0,8.0,,1.0,8.0,,,3.0,,1.0,
email,,11.0,,,39.0,2.0,,,,,,,,1.0,2.0,,,2.0,,,3.0,2.0,,,,,,1.0,1.0,,,7.0,,,8.0,,62.0,3.0,,,,,,4.0,19.0,13.0,,,,,29.0,3.0,,4.0,3.0,,,1.0,,1.0,,,,
end,,7.0,,1.0,1.0,,,,,,13.0,,,,,,,5.0,3.0,,5.0,1.0,,,2.0,2.0,,3.0,4.0,1.0,1.0,16.0,,,19.0,1.0,15.0,,,,,,1.0,,,1.0,3.0,,,4.0,7.0,3.0,,3.0,5.0,1.0,8.0,2.0,,,6.0,,1.0,1.0
enough,,15.0,1.0,1.0,,1.0,,,5.0,,6.0,5.0,,,1.0,,,,,1.0,2.0,2.0,,,,,,1.0,1.0,,1.0,8.0,,,20.0,,4.0,1.0,,,,,,1.0,4.0,1.0,,,,,6.0,1.0,,,5.0,,,5.0,,,5.0,,1.0,
entire,,1.0,2.0,,,2.0,,,1.0,,6.0,,,,,,,2.0,,,3.0,1.0,,,,1.0,,,,,,3.0,,,7.0,,1.0,,1.0,,,,,1.0,4.0,,,1.0,,1.0,2.0,1.0,,1.0,1.0,,1.0,4.0,,,7.0,1.0,,
especially,,8.0,,1.0,,,,,,1.0,5.0,2.0,,2.0,1.0,,1.0,,,1.0,2.0,1.0,,,,,,1.0,1.0,,,6.0,,,8.0,,,,,,,,,,4.0,1.0,,1.0,,1.0,7.0,,2.0,1.0,1.0,,2.0,3.0,,,2.0,,,
even,1.0,50.0,4.0,11.0,3.0,5.0,,1.0,1.0,,26.0,1.0,2.0,5.0,1.0,,4.0,9.0,,,4.0,18.0,,,2.0,4.0,,,4.0,,1.0,20.0,,1.0,34.0,1.0,34.0,1.0,,,1.0,1.0,1.0,3.0,8.0,3.0,5.0,,1.0,2.0,26.0,4.0,2.0,23.0,18.0,,7.0,21.0,1.0,1.0,18.0,,,
event,,4.0,,,,,,,,,5.0,,2.0,,,,,3.0,,,,1.0,,,1.0,,,,1.0,,,13.0,,,4.0,,56.0,,,,3.0,1.0,,5.0,12.0,1.0,,1.0,,3.0,1.0,,,4.0,28.0,,4.0,1.0,,,,,,
events,,2.0,,,,,,,,,2.0,,1.0,,,,,1.0,,,,,,,,1.0,,,,,,5.0,,,2.0,,3.0,,,,,,,1.0,13.0,,,,,,1.0,,,7.0,12.0,,4.0,,,,2.0,,,
ever,,26.0,2.0,,3.0,4.0,,,,,10.0,1.0,,2.0,,,,1.0,2.0,,3.0,1.0,,,1.0,,,1.0,4.0,,1.0,12.0,,,4.0,,10.0,1.0,,,,,2.0,2.0,2.0,,3.0,1.0,,1.0,10.0,,,1.0,3.0,,1.0,,,,9.0,1.0,1.0,1.0
every,,12.0,2.0,5.0,,6.0,1.0,,1.0,1.0,13.0,3.0,,1.0,2.0,,1.0,1.0,1.0,,1.0,15.0,,,1.0,1.0,,1.0,1.0,1.0,,7.0,1.0,1.0,22.0,,43.0,,2.0,,1.0,,,1.0,10.0,3.0,3.0,,1.0,1.0,5.0,1.0,,10.0,13.0,,2.0,19.0,2.0,1.0,13.0,,,
everyone,,8.0,,,1.0,,1.0,,1.0,,3.0,1.0,,2.0,,,,,,,4.0,2.0,,,,,,,,,1.0,5.0,,,6.0,1.0,12.0,,,,,,,2.0,10.0,,2.0,,1.0,,5.0,,,14.0,9.0,,1.0,2.0,,1.0,1.0,,,
everything,,12.0,,3.0,,1.0,,,,,7.0,2.0,,,1.0,,,,,,2.0,12.0,,,,,,1.0,,,1.0,9.0,1.0,1.0,17.0,,4.0,,,1.0,2.0,,,,3.0,2.0,1.0,,,,6.0,,,6.0,,,2.0,7.0,,1.0,3.0,,1.0,
exactly,,8.0,,2.0,,3.0,,1.0,,,4.0,1.0,2.0,2.0,,,,1.0,1.0,,2.0,1.0,,,,,,1.0,1.0,,,1.0,,,10.0,,5.0,,,1.0,,1.0,,,,,,,,,4.0,,,2.0,,,1.0,3.0,,,3.0,,,
example,,,,4.0,,1.0,,,,1.0,,,,1.0,,,,5.0,,1.0,,3.0,,,,1.0,,,,2.0,,3.0,,,13.0,,25.0,,,,,,,,2.0,1.0,,,,,3.0,4.0,,8.0,4.0,,1.0,1.0,,,,,,
experience,,4.0,,,,2.0,1.0,,1.0,,2.0,,,,,,,2.0,,1.0,1.0,2.0,,,,,,,2.0,,,,,,16.0,,7.0,,,,,2.0,,2.0,2.0,,,2.0,,,2.0,,,14.0,1.0,,,1.0,,1.0,1.0,,,
face,1.0,5.0,,,6.0,,,,,,6.0,1.0,,,1.0,,,,1.0,,1.0,1.0,,,,,,,,,,8.0,,,1.0,,,,,,,,1.0,,,,4.0,,2.0,,6.0,3.0,,4.0,,,,4.0,,1.0,2.0,,,
facebook,,1.0,,,,,12.0,,,,1.0,,3.0,,1.0,,,,4.0,,,,,,1.0,,,,2.0,,1.0,6.0,,,2.0,,19.0,1.0,,,5.0,,,6.0,,,,,,1.0,1.0,,1.0,,10.0,2.0,,,,,1.0,,,
fact,1.0,9.0,,,,2.0,,,,,9.0,,,1.0,1.0,,,,1.0,,3.0,4.0,,,,1.0,,,1.0,,1.0,1.0,1.0,,1.0,,10.0,,,,,,,1.0,2.0,1.0,1.0,,,,17.0,1.0,,2.0,3.0,,5.0,,,,4.0,,,1.0
family,,4.0,,,3.0,1.0,,1.0,,,10.0,1.0,,1.0,,,,1.0,1.0,,,2.0,,,,,,,,,,14.0,,,3.0,,78.0,,,,,,,1.0,8.0,1.0,2.0,,,,,,,25.0,,,8.0,,,,3.0,1.0,,
far,,7.0,,,1.0,2.0,,,,,10.0,,,1.0,,,,,,,2.0,1.0,,,1.0,1.0,2.0,,1.0,,,2.0,,1.0,4.0,,4.0,,,,3.0,,,,1.0,,1.0,1.0,,,2.0,,1.0,3.0,1.0,,9.0,1.0,,,1.0,,1.0,1.0
fast,,2.0,,1.0,3.0,,,,,,1.0,1.0,,,1.0,,1.0,2.0,1.0,1.0,3.0,4.0,,,,,,,,,1.0,3.0,,,12.0,,1.0,,,,,,,,2.0,1.0,,3.0,,,1.0,,,3.0,,,,4.0,,,1.0,2.0,,
favorite,,10.0,,,1.0,2.0,,,,1.0,2.0,,,,1.0,,,1.0,,1.0,2.0,,,,,1.0,,1.0,2.0,,,,,,5.0,,1.0,1.0,,,,,,1.0,4.0,,,,,,,2.0,,3.0,2.0,,,3.0,,,9.0,,,
features,,2.0,1.0,2.0,,,,,,,,1.0,1.0,,,,,6.0,,,,9.0,,,,,,3.0,2.0,,,,,,9.0,,10.0,,,,1.0,,,,,1.0,,,,2.0,3.0,,,3.0,,,,,,,1.0,,,
feel,,7.0,,1.0,,1.0,,,,2.0,6.0,5.0,,,,,1.0,,,,1.0,,,,,,2.0,4.0,,,1.0,6.0,,,18.0,1.0,29.0,,,,,,,,3.0,,3.0,3.0,,,3.0,,,3.0,2.0,,2.0,29.0,,,4.0,,1.0,
few,,13.0,,1.0,,2.0,,1.0,5.0,1.0,10.0,5.0,1.0,,1.0,,1.0,3.0,4.0,,13.0,9.0,3.0,,,1.0,,1.0,1.0,,1.0,19.0,,1.0,55.0,,45.0,1.0,1.0,2.0,,1.0,,5.0,11.0,1.0,1.0,,,,13.0,,,11.0,22.0,,2.0,9.0,,,8.0,1.0,2.0,1.0
final,,,,,3.0,,,,,,4.0,,,,,,,,,,,2.0,,,,,,1.0,1.0,,1.0,5.0,,,2.0,,,,,,,,,,,2.0,,,,,1.0,2.0,,2.0,,,2.0,1.0,2.0,,3.0,,,
finally,,6.0,,1.0,,,,,,,7.0,,3.0,,2.0,,,1.0,,,1.0,,,,1.0,,,,1.0,,,,,,3.0,1.0,,,,,,,,,2.0,1.0,,,,,3.0,,,,1.0,,2.0,2.0,,,5.0,3.0,,
find,,10.0,1.0,9.0,,4.0,,,2.0,,5.0,1.0,1.0,,1.0,,3.0,4.0,1.0,,2.0,10.0,2.0,,,,,1.0,,,,11.0,,,26.0,,40.0,1.0,,,1.0,,,2.0,10.0,1.0,,24.0,,,6.0,2.0,,16.0,9.0,,2.0,8.0,,4.0,5.0,,,1.0
first,,29.0,,9.0,2.0,5.0,5.0,2.0,10.0,,16.0,3.0,5.0,1.0,2.0,1.0,2.0,2.0,2.0,10.0,13.0,16.0,10.0,4.0,,3.0,20.0,1.0,7.0,,2.0,29.0,,,60.0,1.0,77.0,2.0,12.0,,18.0,,2.0,5.0,10.0,2.0,2.0,21.0,,3.0,20.0,4.0,6.0,11.0,26.0,,9.0,9.0,11.0,1.0,20.0,1.0,2.0,
five,1.0,4.0,,,,3.0,,,,,7.0,,,,,,3.0,,2.0,1.0,,1.0,2.0,,2.0,,,,1.0,,3.0,1.0,,,,1.0,30.0,,,,,,,,3.0,,,,,,4.0,1.0,,4.0,,,4.0,2.0,,,1.0,,,1.0
follow,,,,,,,,,,,2.0,1.0,,1.0,1.0,,,,3.0,,1.0,1.0,,,1.0,,,,2.0,,,,,1.0,5.0,,2.0,,,,,,,1.0,1.0,,,2.0,,,4.0,1.0,,2.0,17.0,,,,,,3.0,,,
following,,2.0,,2.0,,1.0,,,,,2.0,1.0,2.0,,,,,,3.0,,1.0,,,,,,,,,,,2.0,,,3.0,,1.0,,,1.0,,,,,2.0,,1.0,,,,2.0,2.0,,1.0,23.0,,,1.0,,,2.0,1.0,,
form,,1.0,,,,,,1.0,,,1.0,,,,1.0,,1.0,2.0,,,2.0,1.0,,,,,,1.0,2.0,,,,,,3.0,,32.0,,,1.0,,,,,,2.0,,,,1.0,2.0,,,2.0,,,1.0,2.0,,,5.0,,2.0,
found,,1.0,1.0,10.0,,2.0,,,,,13.0,1.0,,,1.0,,,,6.0,,1.0,6.0,,,,,,,3.0,,1.0,11.0,1.0,,13.0,,24.0,,,1.0,,,,1.0,2.0,1.0,2.0,,,,11.0,1.0,,1.0,12.0,,7.0,2.0,,,3.0,1.0,,
four,,5.0,,,,2.0,,,,,4.0,,4.0,,,,,,2.0,1.0,1.0,5.0,,,2.0,,,,3.0,,1.0,7.0,10.0,,3.0,,14.0,,,,,,,,2.0,1.0,,,,,5.0,,,1.0,5.0,,1.0,2.0,,,4.0,,,
free,1.0,8.0,,5.0,,,,,,,2.0,,2.0,,2.0,,2.0,,3.0,,1.0,12.0,,,1.0,,,2.0,,,,7.0,1.0,,6.0,1.0,10.0,3.0,1.0,,,,,,4.0,1.0,1.0,39.0,,,17.0,,,3.0,6.0,,2.0,2.0,,,3.0,2.0,1.0,
friend,1.0,5.0,,1.0,,1.0,2.0,,,,2.0,1.0,,1.0,,,,1.0,2.0,,,,,1.0,,,,,1.0,1.0,,9.0,,,2.0,2.0,3.0,,,,,,,4.0,,,,25.0,,,1.0,1.0,,2.0,2.0,,,4.0,,,3.0,,,
friends,1.0,5.0,,,,1.0,2.0,,,,12.0,2.0,,,,,1.0,,4.0,1.0,,1.0,,,1.0,5.0,,,,1.0,,9.0,,,4.0,,2.0,,,,2.0,,,6.0,2.0,1.0,,,,,1.0,1.0,,8.0,11.0,,3.0,2.0,,,5.0,,,
full,1.0,7.0,12.0,4.0,1.0,,,,,,3.0,1.0,2.0,,,10.0,2.0,1.0,1.0,,3.0,4.0,,,2.0,,,,1.0,2.0,,5.0,,,12.0,,28.0,10.0,,,,,,,1.0,2.0,2.0,1.0,,,7.0,,,4.0,3.0,,2.0,2.0,,1.0,3.0,,,
fun,,3.0,,,,3.0,,1.0,,,,,,1.0,2.0,,1.0,,1.0,,3.0,,,,2.0,,,2.0,,,1.0,3.0,,1.0,6.0,,4.0,,,,,,,,7.0,,,,,,1.0,,,4.0,2.0,,,14.0,,,1.0,,,1.0
future,,8.0,,1.0,10.0,9.0,1.0,,,1.0,16.0,,1.0,1.0,,,1.0,1.0,,,2.0,4.0,,2.0,,,,,1.0,,,,1.0,,11.0,,1.0,,1.0,,5.0,,,,,1.0,2.0,,,,5.0,,,6.0,1.0,,2.0,29.0,1.0,,2.0,,,
game,,2.0,,,3.0,8.0,,,,,1.0,,2.0,1.0,1.0,,2.0,5.0,2.0,,,1.0,,,14.0,,,2.0,1.0,,,1.0,,,5.0,,,,1.0,,,,,1.0,1.0,1.0,1.0,,1.0,,,1.0,,7.0,1.0,,,,,,,,,
gave,,2.0,1.0,1.0,,1.0,,,,,2.0,2.0,,,,,1.0,,2.0,,3.0,2.0,,,1.0,1.0,,,,1.0,,10.0,,,2.0,1.0,5.0,,,,,,,,1.0,,,,,,2.0,1.0,,1.0,,,1.0,,,1.0,2.0,,,
get,,50.0,2.0,17.0,1.0,8.0,,,3.0,,31.0,6.0,4.0,4.0,5.0,2.0,5.0,10.0,5.0,,16.0,31.0,1.0,,2.0,2.0,3.0,8.0,2.0,2.0,1.0,35.0,,1.0,117.0,1.0,169.0,2.0,,1.0,2.0,,,5.0,15.0,1.0,4.0,2.0,1.0,2.0,25.0,2.0,1.0,25.0,24.0,,11.0,39.0,1.0,1.0,6.0,,3.0,5.0
gets,,13.0,1.0,1.0,1.0,,,,,,,2.0,,,1.0,2.0,,,,,1.0,1.0,,,2.0,,,2.0,2.0,,,4.0,,,6.0,2.0,18.0,,2.0,,,,,,3.0,,2.0,,,,3.0,,,2.0,1.0,,6.0,,,,4.0,,,
getting,,11.0,1.0,1.0,1.0,1.0,1.0,,3.0,,1.0,2.0,1.0,2.0,3.0,,,,1.0,,6.0,11.0,,,1.0,3.0,,1.0,2.0,,,9.0,,1.0,30.0,,46.0,,,,,,,,7.0,2.0,,4.0,,,3.0,,,5.0,7.0,,3.0,8.0,,,,,,1.0
give,,4.0,1.0,,,1.0,,,1.0,1.0,10.0,,,,2.0,,,,3.0,,3.0,4.0,,,,2.0,,1.0,,1.0,,7.0,,1.0,7.0,,52.0,,,,,,2.0,3.0,6.0,2.0,,1.0,,1.0,3.0,,,9.0,10.0,1.0,7.0,6.0,,1.0,1.0,,,
given,,3.0,,,,,,1.0,,,9.0,,,1.0,,,,,,,,1.0,,,,1.0,,,,1.0,,3.0,,,3.0,,2.0,,,1.0,1.0,,,,1.0,,,1.0,,,9.0,,,3.0,2.0,,2.0,2.0,,1.0,,,,
go,,21.0,1.0,15.0,,3.0,,,,,14.0,4.0,1.0,,2.0,,1.0,3.0,4.0,,9.0,13.0,,,4.0,2.0,,,4.0,2.0,,17.0,1.0,,24.0,,53.0,,,,1.0,,,7.0,12.0,2.0,2.0,1.0,,,9.0,3.0,,11.0,15.0,,2.0,20.0,,3.0,5.0,,1.0,
goes,1.0,10.0,,,,1.0,,,,,5.0,2.0,1.0,,,,1.0,,,,,,,1.0,1.0,1.0,,,,,,8.0,,,6.0,,18.0,,2.0,,1.0,,1.0,1.0,,1.0,,,,,4.0,,,1.0,3.0,,1.0,,4.0,,,,,
going,,7.0,1.0,2.0,1.0,1.0,1.0,,,2.0,19.0,4.0,1.0,3.0,2.0,,2.0,1.0,1.0,,8.0,14.0,,,3.0,2.0,,,,,,36.0,,,28.0,,65.0,,,,3.0,,,4.0,16.0,2.0,,,,,9.0,2.0,,3.0,11.0,,1.0,29.0,,,4.0,1.0,,5.0
good,,26.0,2.0,2.0,,2.0,,,,2.0,12.0,1.0,1.0,2.0,6.0,4.0,,2.0,2.0,1.0,6.0,6.0,,,,,,1.0,12.0,1.0,1.0,34.0,,2.0,25.0,,47.0,,,,1.0,,,1.0,7.0,,2.0,2.0,3.0,1.0,16.0,,2.0,1.0,16.0,,3.0,11.0,,,13.0,,3.0,
google,,2.0,,4.0,3.0,7.0,1.0,,,,2.0,,10.0,,3.0,,28.0,146.0,,,,4.0,1.0,,,,,5.0,8.0,8.0,,1.0,,,74.0,,19.0,17.0,,,16.0,26.0,,4.0,4.0,26.0,1.0,,,7.0,2.0,,,174.0,,,1.0,,3.0,,,,,
got,1.0,2.0,,4.0,2.0,2.0,,1.0,,,7.0,1.0,2.0,1.0,,1.0,,3.0,2.0,,8.0,9.0,,,1.0,,,,2.0,,,16.0,,,24.0,,51.0,,,1.0,4.0,,,5.0,9.0,,1.0,,,,12.0,,1.0,2.0,9.0,,,9.0,5.0,1.0,2.0,1.0,1.0,
great,,14.0,,,,3.0,,,,1.0,8.0,5.0,,1.0,3.0,,,,1.0,,2.0,26.0,,2.0,4.0,1.0,,3.0,,1.0,1.0,7.0,,,21.0,,27.0,1.0,,,1.0,,,5.0,13.0,,1.0,,,2.0,5.0,,,3.0,13.0,,1.0,6.0,2.0,,9.0,,1.0,1.0
group,1.0,,,,1.0,1.0,,,,,11.0,,,1.0,,,7.0,2.0,,,4.0,1.0,,,,1.0,,,2.0,,1.0,,,,9.0,,14.0,,,,,,,1.0,,6.0,1.0,,,2.0,3.0,,,2.0,5.0,,6.0,4.0,,,,,,
guy,,33.0,,,,2.0,,,1.0,,4.0,1.0,,1.0,,,,,2.0,12.0,,,,,,1.0,,,,,,,,1.0,,1.0,,,,,3.0,,,3.0,1.0,,2.0,,,,5.0,,,,,,1.0,4.0,,,,,,
had,1.0,26.0,1.0,14.0,,5.0,,3.0,1.0,,29.0,3.0,2.0,1.0,1.0,1.0,3.0,1.0,6.0,,17.0,11.0,,4.0,2.0,2.0,,2.0,3.0,,3.0,72.0,1.0,1.0,88.0,1.0,51.0,,1.0,,,,,3.0,14.0,6.0,5.0,3.0,,,52.0,4.0,4.0,3.0,36.0,,28.0,21.0,,1.0,15.0,,4.0,1.0
half,,9.0,,,,,,1.0,,,11.0,,,,1.0,,,,2.0,,,2.0,,,,1.0,,,6.0,,,2.0,,,1.0,,15.0,,,,,,,2.0,2.0,,1.0,,,1.0,1.0,1.0,,3.0,2.0,,,3.0,,,1.0,,,
hand,,3.0,,,,,,,1.0,,2.0,1.0,1.0,,1.0,,1.0,,,,3.0,,,,,,,,,,,4.0,,,4.0,,3.0,,,2.0,,,,,3.0,1.0,,,1.0,,5.0,,,6.0,1.0,,1.0,,,,2.0,,,
happen,,3.0,,,,,,,,,4.0,,,1.0,1.0,,,,,,,1.0,,,,,,,2.0,,,6.0,,1.0,2.0,,5.0,,,,,2.0,,1.0,1.0,,,,,,3.0,,1.0,,3.0,,,6.0,,,,,,
happened,1.0,2.0,,1.0,1.0,2.0,2.0,,,,2.0,,1.0,1.0,,,,,3.0,,2.0,1.0,,,,,,,,1.0,,7.0,,,2.0,,8.0,,,1.0,,3.0,,,3.0,,,,1.0,,9.0,,,1.0,4.0,,2.0,3.0,,,1.0,1.0,,1.0
happens,,3.0,2.0,,,1.0,,,,,5.0,1.0,,,,,2.0,,,,2.0,1.0,,,,2.0,,,,,,1.0,,,6.0,,3.0,,,,,1.0,1.0,,1.0,,,,,,3.0,,,,2.0,,,2.0,,,,,,
hard,1.0,16.0,,4.0,1.0,2.0,,,,,6.0,3.0,,,1.0,,,3.0,,,5.0,5.0,,,,1.0,3.0,1.0,,2.0,,5.0,,1.0,15.0,,10.0,,,1.0,,,,2.0,7.0,,,,,,3.0,1.0,,2.0,1.0,,1.0,8.0,,,6.0,,2.0,
haven,1.0,3.0,,2.0,,1.0,,,,,3.0,,,1.0,,,,,,1.0,1.0,,,,,,,,,,,4.0,,,3.0,,5.0,,,1.0,,,,,3.0,2.0,,,,,1.0,,,,3.0,,1.0,6.0,,,3.0,,1.0,
having,1.0,11.0,1.0,4.0,,1.0,,,,,7.0,,,,,1.0,,2.0,,,5.0,1.0,,,,,,1.0,,,,12.0,,,24.0,,24.0,,,,,,,1.0,,,1.0,,,,9.0,,,1.0,3.0,,,9.0,,,,,,
he,1.0,39.0,1.0,,1.0,13.0,2.0,6.0,6.0,,108.0,5.0,,1.0,2.0,,2.0,,21.0,1.0,9.0,1.0,1.0,4.0,1.0,23.0,,,9.0,3.0,6.0,90.0,,,10.0,6.0,44.0,,1.0,,,,,18.0,29.0,4.0,7.0,3.0,13.0,,124.0,3.0,2.0,1.0,17.0,2.0,54.0,28.0,,2.0,34.0,,2.0,1.0
hear,,8.0,,,,,,,,,1.0,,1.0,,2.0,,1.0,,,,1.0,2.0,,,1.0,,,,,,,4.0,,,,,19.0,,,,,,,1.0,4.0,,1.0,,,,3.0,,,3.0,3.0,,,2.0,,2.0,2.0,1.0,1.0,
help,,30.0,2.0,1.0,4.0,,2.0,,3.0,,15.0,,1.0,3.0,1.0,,,3.0,,2.0,5.0,10.0,1.0,1.0,,2.0,,2.0,1.0,,2.0,12.0,,,14.0,,54.0,,,,,1.0,,,8.0,4.0,,1.0,,1.0,8.0,,,31.0,11.0,,2.0,7.0,3.0,,4.0,,2.0,
her,,17.0,,,,1.0,,1.0,,,22.0,9.0,,,4.0,4.0,,,7.0,,1.0,,,3.0,1.0,8.0,,,12.0,,2.0,21.0,,,1.0,4.0,7.0,,,,,,1.0,,7.0,13.0,,,7.0,1.0,12.0,1.0,,,5.0,,30.0,4.0,1.0,,9.0,,3.0,
here,,28.0,2.0,14.0,5.0,4.0,4.0,,1.0,1.0,30.0,6.0,2.0,4.0,2.0,,2.0,4.0,4.0,1.0,6.0,9.0,1.0,,2.0,4.0,2.0,2.0,3.0,1.0,1.0,35.0,,,33.0,4.0,44.0,1.0,,,12.0,3.0,,20.0,30.0,2.0,102.0,3.0,1.0,1.0,25.0,2.0,,7.0,26.0,,2.0,8.0,,1.0,10.0,1.0,1.0,1.0
high,1.0,,,,1.0,,1.0,,1.0,,12.0,1.0,1.0,2.0,,,,,1.0,,6.0,1.0,,,,,,,1.0,,,5.0,1.0,1.0,13.0,,4.0,,,,,,,,3.0,1.0,,,,5.0,6.0,1.0,,,1.0,,2.0,2.0,,,3.0,,,
him,3.0,12.0,,,,1.0,,1.0,,,34.0,2.0,,,,,,,3.0,3.0,4.0,1.0,,2.0,,3.0,,,3.0,,1.0,44.0,,,1.0,1.0,6.0,,,,,,,8.0,7.0,1.0,1.0,,3.0,,34.0,,1.0,,3.0,,9.0,8.0,,,5.0,,,
his,4.0,28.0,,,3.0,10.0,2.0,6.0,3.0,,84.0,3.0,1.0,2.0,2.0,,1.0,,17.0,,10.0,,1.0,3.0,2.0,8.0,,,26.0,,6.0,54.0,,,10.0,5.0,18.0,,1.0,,,,,5.0,30.0,5.0,9.0,25.0,12.0,1.0,84.0,11.0,5.0,2.0,8.0,1.0,52.0,11.0,2.0,,31.0,,,1.0
hit,,3.0,,2.0,,3.0,,1.0,,,3.0,1.0,,,,,1.0,,1.0,,,2.0,,,,1.0,1.0,,1.0,,,2.0,,,8.0,,4.0,,,,,,1.0,,3.0,1.0,,,1.0,1.0,2.0,,,,2.0,,3.0,2.0,,,,,,
home,,6.0,,,,1.0,,,,,7.0,,1.0,,2.0,,1.0,6.0,2.0,,1.0,1.0,2.0,,,2.0,,,4.0,,1.0,6.0,,,19.0,,33.0,,1.0,,,,,,5.0,2.0,,,,,5.0,1.0,,17.0,1.0,,6.0,2.0,,,8.0,,1.0,
hope,,20.0,,1.0,,,,,,,4.0,2.0,,,,,,,,,,1.0,2.0,,,,,,,,,4.0,,,1.0,,7.0,,1.0,,,,,,5.0,,1.0,,,,1.0,4.0,,8.0,2.0,,,3.0,,,3.0,,1.0,
hours,,4.0,,2.0,,,,,,,6.0,,,,,1.0,,,1.0,,,3.0,,,1.0,,,1.0,1.0,,,6.0,,,9.0,,14.0,,,,,,,,2.0,,,3.0,,,3.0,,,,4.0,,1.0,2.0,,1.0,3.0,,,
house,1.0,2.0,,,3.0,,,,,,17.0,,,1.0,2.0,,,1.0,,,,,,,,2.0,,,,1.0,,4.0,,,8.0,1.0,6.0,,,,,,,,,1.0,2.0,,1.0,,22.0,2.0,3.0,3.0,,,,1.0,,,2.0,,,
idea,,6.0,,,,2.0,,,,1.0,9.0,,,1.0,1.0,,3.0,,,,2.0,5.0,,,,,,,,,,15.0,,,8.0,,10.0,,,,,,1.0,,2.0,,,,,,6.0,3.0,,3.0,15.0,,1.0,3.0,,,3.0,,,
ideas,,3.0,,,,1.0,,,,,2.0,,,,,,,,,,,3.0,,,1.0,,,,1.0,1.0,,5.0,2.0,,6.0,,15.0,,,,,,,,1.0,,2.0,1.0,,,2.0,1.0,,2.0,6.0,,,,,,1.0,,,
if,2.0,59.0,7.0,56.0,,7.0,2.0,1.0,4.0,2.0,32.0,9.0,2.0,8.0,3.0,2.0,8.0,17.0,7.0,3.0,18.0,32.0,2.0,1.0,2.0,6.0,3.0,12.0,5.0,1.0,,51.0,1.0,1.0,141.0,,129.0,1.0,1.0,,2.0,1.0,2.0,5.0,68.0,5.0,1.0,6.0,1.0,3.0,58.0,2.0,3.0,31.0,69.0,,19.0,38.0,,2.0,14.0,2.0,3.0,1.0
important,,13.0,1.0,,,1.0,1.0,,,1.0,7.0,,,2.0,1.0,,,2.0,,1.0,4.0,1.0,,1.0,1.0,,2.0,,,,1.0,3.0,,,6.0,,14.0,,,,,,,,10.0,1.0,,,,,5.0,,,9.0,5.0,,8.0,4.0,,2.0,3.0,,,
including,1.0,8.0,,1.0,,,1.0,,,,2.0,,2.0,1.0,,,,1.0,,,,,,,,,,,,,1.0,4.0,,,8.0,,5.0,,,,,,,,1.0,2.0,,,1.0,2.0,2.0,1.0,,4.0,1.0,,7.0,1.0,,,6.0,,,
information,,6.0,,,,5.0,,,2.0,,1.0,,,2.0,,,,6.0,,,1.0,,1.0,,,,,,,,,3.0,,,2.0,,19.0,,,,,,,,2.0,3.0,,,,,42.0,,,10.0,6.0,,1.0,,,1.0,1.0,,,
inside,,2.0,,3.0,,2.0,,,,,4.0,,,,4.0,1.0,,1.0,,,1.0,2.0,,,1.0,,,,,,1.0,4.0,,,6.0,,,,,1.0,,,,,1.0,,,,,2.0,1.0,,,3.0,,,,2.0,,,,,,
instead,1.0,4.0,2.0,2.0,,1.0,,,,,1.0,,,,,,,2.0,,,3.0,,,,,1.0,,1.0,1.0,,,6.0,,,22.0,,3.0,,,,,1.0,,,1.0,,,,,,10.0,,,1.0,5.0,,4.0,6.0,,,1.0,,,
interest,,2.0,,,,,,,,,2.0,,,4.0,,,1.0,1.0,2.0,1.0,,4.0,,,,,,,,,,1.0,,,1.0,,,,,,,,,,,1.0,,,,,7.0,,,2.0,2.0,,2.0,1.0,,1.0,2.0,,,
interesting,,2.0,,,,,,,1.0,,1.0,,,,,,,1.0,,,3.0,2.0,,1.0,,,,,,1.0,,4.0,1.0,1.0,6.0,,5.0,,,1.0,2.0,,,,3.0,3.0,2.0,,,,5.0,,,,4.0,,,2.0,,,3.0,,,
internet,,3.0,,3.0,,1.0,,,2.0,,1.0,1.0,,5.0,2.0,,,2.0,,,2.0,9.0,,3.0,1.0,,1.0,,3.0,,,5.0,,,5.0,,2.0,,1.0,3.0,,,,5.0,1.0,5.0,,,,,20.0,2.0,,,,,,7.0,,1.0,4.0,1.0,1.0,
into,1.0,21.0,1.0,1.0,1.0,12.0,,2.0,,,26.0,4.0,2.0,,4.0,1.0,3.0,4.0,4.0,1.0,9.0,13.0,2.0,,2.0,6.0,1.0,1.0,4.0,,2.0,25.0,1.0,1.0,61.0,2.0,79.0,2.0,4.0,3.0,2.0,,,2.0,14.0,4.0,2.0,1.0,,,21.0,1.0,1.0,18.0,10.0,1.0,12.0,33.0,1.0,1.0,11.0,1.0,,1.0
isn,,,3.0,3.0,2.0,,,,,,5.0,,1.0,5.0,3.0,,1.0,,,,,,,,1.0,2.0,2.0,,,,,4.0,,,3.0,,1.0,,,,,,,,7.0,2.0,,1.0,,,5.0,1.0,,,7.0,,1.0,8.0,,1.0,1.0,,,
issue,,1.0,,,,,,,,,8.0,8.0,1.0,1.0,,,,,1.0,,2.0,,1.0,,,,,,2.0,1.0,,20.0,,,16.0,,3.0,,,,,,,1.0,,1.0,,,,,6.0,1.0,,3.0,1.0,,4.0,1.0,,,,,,
issues,,,,5.0,,,,1.0,,1.0,,2.0,,,,,,,,,,,2.0,,,,,,1.0,1.0,,9.0,,,18.0,,,,,,,,,,1.0,2.0,,,,,2.0,,,1.0,2.0,,4.0,2.0,,,,,,
its,2.0,9.0,7.0,8.0,10.0,12.0,4.0,3.0,,1.0,21.0,1.0,14.0,1.0,5.0,,1.0,3.0,2.0,,,3.0,3.0,1.0,1.0,3.0,,2.0,6.0,,2.0,9.0,,,10.0,2.0,4.0,,,,2.0,,,3.0,7.0,23.0,7.0,,,18.0,42.0,,2.0,11.0,12.0,3.0,13.0,7.0,5.0,,4.0,1.0,3.0,1.0
itself,,6.0,,1.0,,1.0,2.0,1.0,,,2.0,2.0,,,1.0,,,1.0,,,1.0,2.0,,,,,,,1.0,,,1.0,,,7.0,,2.0,,,,,,,,1.0,1.0,,,,1.0,5.0,1.0,1.0,,7.0,,4.0,5.0,,,,,,
job,,19.0,,,,1.0,1.0,,1.0,,9.0,1.0,,1.0,1.0,,,,1.0,1.0,1.0,18.0,,1.0,1.0,2.0,,2.0,,,,,,,6.0,,16.0,,,,,,1.0,1.0,7.0,1.0,,4.0,,,7.0,1.0,,2.0,1.0,,1.0,15.0,,,2.0,,,
john,,15.0,,,,2.0,,1.0,,,8.0,,,,,,,1.0,,,,,,,,,,,4.0,,,1.0,,,,,,,,,,3.0,,6.0,,1.0,,,2.0,,3.0,1.0,1.0,1.0,1.0,,3.0,,,,4.0,,,
just,,70.0,2.0,34.0,,7.0,1.0,,2.0,2.0,45.0,11.0,,6.0,5.0,,6.0,7.0,3.0,,9.0,30.0,,2.0,1.0,2.0,,3.0,12.0,3.0,1.0,16.0,,2.0,117.0,2.0,119.0,1.0,1.0,1.0,2.0,,1.0,5.0,35.0,6.0,12.0,7.0,1.0,7.0,33.0,4.0,1.0,22.0,21.0,,10.0,40.0,2.0,1.0,11.0,1.0,5.0,
keep,,10.0,1.0,9.0,1.0,1.0,,1.0,,,7.0,,,1.0,,,,11.0,2.0,,2.0,5.0,1.0,,,,,1.0,1.0,1.0,1.0,4.0,,,17.0,,24.0,1.0,1.0,,,,,1.0,9.0,3.0,2.0,,2.0,,3.0,1.0,,5.0,3.0,,,5.0,2.0,,1.0,,,
kind,,9.0,,1.0,,,,,,1.0,5.0,1.0,,1.0,,,,,2.0,,,11.0,,,,,,,3.0,,,7.0,,,4.0,,20.0,,,1.0,1.0,,,1.0,2.0,,,,,,2.0,,,1.0,,,3.0,4.0,,,1.0,,2.0,
knew,,2.0,,1.0,1.0,2.0,,,,,8.0,1.0,1.0,1.0,,,,,1.0,1.0,3.0,1.0,,,,2.0,2.0,,1.0,,1.0,11.0,,,2.0,,5.0,,,,,,,2.0,,,,,,,2.0,1.0,,1.0,3.0,,4.0,11.0,,,1.0,,,
know,,40.0,,3.0,,2.0,,,1.0,,18.0,6.0,1.0,,4.0,,2.0,,1.0,,5.0,14.0,1.0,1.0,,1.0,,2.0,1.0,,2.0,16.0,,2.0,19.0,,75.0,,,2.0,1.0,1.0,2.0,4.0,25.0,1.0,4.0,,,1.0,9.0,6.0,1.0,6.0,18.0,,1.0,24.0,,1.0,14.0,,1.0,2.0
known,,2.0,,1.0,,,,,,,5.0,,1.0,,,,,1.0,1.0,,1.0,2.0,,,,1.0,,,1.0,,2.0,5.0,,,1.0,,2.0,,,,1.0,,,4.0,2.0,2.0,1.0,1.0,,,5.0,1.0,1.0,1.0,1.0,,,,,,1.0,,,
large,1.0,3.0,,,,2.0,,1.0,,,,,,,,,,,1.0,,2.0,3.0,,,,,1.0,,1.0,2.0,,2.0,,,8.0,,3.0,,,,,,,,1.0,2.0,,,,,2.0,,1.0,1.0,3.0,,2.0,2.0,,,2.0,,1.0,
last,,13.0,,,,2.0,1.0,,2.0,1.0,19.0,7.0,2.0,3.0,3.0,1.0,,1.0,6.0,,2.0,3.0,,1.0,4.0,1.0,,,6.0,3.0,5.0,27.0,,2.0,33.0,1.0,46.0,,,,2.0,2.0,1.0,1.0,7.0,5.0,4.0,,,,8.0,3.0,,7.0,14.0,,10.0,13.0,2.0,,6.0,1.0,1.0,3.0
late,,5.0,,1.0,,2.0,,,,,6.0,,,,,,,,,1.0,,,,,,1.0,,,4.0,,,3.0,,,5.0,3.0,2.0,,,,,,,,2.0,,,,,1.0,1.0,,,2.0,1.0,,2.0,4.0,,,3.0,,1.0,1.0
later,,5.0,,3.0,,1.0,2.0,,,,7.0,1.0,,,,,2.0,5.0,,,2.0,1.0,1.0,,,1.0,,,1.0,,,8.0,,,15.0,,10.0,,,1.0,,,,,4.0,1.0,,,,1.0,9.0,,,1.0,4.0,,6.0,,,,2.0,,,
latest,2.0,,,,6.0,,2.0,3.0,,,2.0,,1.0,1.0,,,,2.0,1.0,,,,,,,,,,2.0,,,2.0,,,4.0,,1.0,1.0,,,2.0,,,,1.0,4.0,,,,1.0,2.0,2.0,1.0,4.0,1.0,,,,2.0,,,,,
lead,,2.0,,1.0,,,,,2.0,,8.0,,,,2.0,,,,,,4.0,2.0,,,1.0,,,1.0,2.0,,,1.0,,,1.0,,3.0,,,,,,,,1.0,2.0,,,,1.0,1.0,,,11.0,2.0,,2.0,3.0,,,,1.0,,
learn,,11.0,,,,1.0,1.0,,,1.0,,,,,,,,,,,,2.0,,,1.0,,,3.0,1.0,,,3.0,,,11.0,,2.0,,,,,,,2.0,5.0,,,,,,1.0,,,14.0,8.0,,,1.0,,,3.0,,2.0,
learned,,3.0,,,,,,,1.0,,,,,,,,,,,,2.0,,,1.0,,,,,1.0,3.0,,4.0,,,5.0,,4.0,,,,,,,2.0,,,,,2.0,,1.0,,,1.0,5.0,,,4.0,,1.0,3.0,,2.0,
least,,11.0,3.0,4.0,,1.0,,1.0,,1.0,4.0,,,1.0,1.0,,,1.0,2.0,,,1.0,1.0,,,,,,2.0,,,,,,7.0,,9.0,,1.0,,1.0,,,1.0,2.0,,,,2.0,,5.0,2.0,,1.0,6.0,,1.0,5.0,,,2.0,,,
left,,2.0,,10.0,,1.0,1.0,,,,6.0,1.0,,,,,1.0,1.0,,1.0,4.0,3.0,,,1.0,1.0,,,3.0,1.0,,13.0,,,8.0,2.0,3.0,,,,,,,,1.0,,2.0,,,,9.0,,,1.0,9.0,,4.0,3.0,,,1.0,,3.0,1.0
less,,16.0,,,,1.0,,1.0,,1.0,3.0,1.0,1.0,1.0,1.0,2.0,1.0,3.0,,,1.0,1.0,,,,1.0,2.0,1.0,1.0,,,5.0,,,12.0,,6.0,,,1.0,,,,,2.0,,,,,2.0,6.0,1.0,,5.0,5.0,,5.0,4.0,,,4.0,,5.0,
let,,17.0,,1.0,1.0,,,,,,13.0,1.0,,,,1.0,2.0,2.0,,,,10.0,,,1.0,6.0,6.0,1.0,3.0,,1.0,8.0,,1.0,21.0,,17.0,1.0,,,,,,,6.0,3.0,2.0,1.0,,,10.0,,,5.0,10.0,,,18.0,,1.0,2.0,1.0,,
level,1.0,3.0,,2.0,,2.0,1.0,,,,3.0,,,,,,,3.0,,,,1.0,,,2.0,,,,,,1.0,4.0,,,9.0,,3.0,1.0,,,,,1.0,,2.0,1.0,,1.0,,,10.0,,,1.0,5.0,,1.0,2.0,,,1.0,,,
life,,32.0,,,,5.0,,,,,5.0,5.0,1.0,,,,,,3.0,,1.0,1.0,,2.0,,,4.0,1.0,6.0,,1.0,12.0,,1.0,10.0,,40.0,,,,,,,5.0,2.0,,2.0,5.0,,1.0,5.0,1.0,,15.0,2.0,,2.0,15.0,,,7.0,,1.0,1.0
likely,,4.0,,1.0,,2.0,,,,,5.0,,2.0,2.0,,,1.0,1.0,,,2.0,3.0,,,,1.0,,,2.0,,,5.0,,,7.0,,6.0,,,,,,,,4.0,2.0,,,,,10.0,2.0,,1.0,7.0,,1.0,2.0,,,,,,
line,,3.0,,3.0,,1.0,,,1.0,,4.0,,,,,,,,,,14.0,1.0,1.0,,,,,1.0,2.0,,1.0,2.0,,,27.0,,,,,,6.0,,,,,,,,,,3.0,,,1.0,2.0,,2.0,1.0,,,3.0,,,
link,,2.0,1.0,,,,,,,,,2.0,,,2.0,,1.0,6.0,1.0,,,2.0,,,1.0,,,1.0,,,,10.0,,,5.0,,35.0,,,,,,,2.0,,,,1.0,,,7.0,,,5.0,20.0,,,,,,1.0,,1.0,
links,,2.0,1.0,,,,,,,2.0,,,,1.0,,10.0,2.0,16.0,3.0,,,,,,,,,1.0,,,,2.0,10.0,2.0,1.0,,8.0,,,,,,,,,,,,,,3.0,1.0,,,8.0,,,,,,2.0,,,6.0
list,,3.0,1.0,3.0,,1.0,,,,,5.0,,,1.0,,,1.0,8.0,,3.0,1.0,2.0,3.0,,2.0,,,1.0,,,,8.0,,,8.0,,10.0,,,,,,,,2.0,1.0,1.0,,,,3.0,,,7.0,12.0,,,2.0,,,6.0,,,1.0
listen,,3.0,,,,,1.0,,,,4.0,,,,2.0,,,2.0,,,,2.0,,,,,,1.0,,,2.0,5.0,,,3.0,1.0,14.0,,,,,,,,6.0,,,,,1.0,,,1.0,1.0,,,,,,,1.0,,,1.0
little,1.0,28.0,,,,1.0,,,1.0,,7.0,7.0,,,1.0,,,,,,2.0,13.0,,,2.0,,,,,2.0,1.0,9.0,,,6.0,,103.0,,1.0,,,,,,11.0,,1.0,,,2.0,9.0,2.0,,3.0,3.0,,1.0,9.0,,,7.0,,,
live,,8.0,,28.0,,1.0,,,,,7.0,2.0,2.0,,3.0,,1.0,1.0,1.0,,,5.0,,,2.0,3.0,,,1.0,,1.0,3.0,,,7.0,,21.0,,2.0,,,2.0,,24.0,,2.0,2.0,1.0,2.0,,,1.0,,4.0,3.0,,,4.0,,2.0,3.0,,,
lives,,2.0,,,3.0,1.0,,,,,7.0,1.0,,,,,,,,,,1.0,2.0,,,,2.0,,1.0,,,5.0,,,1.0,1.0,3.0,,,,,,,,2.0,,,,,,1.0,,,1.0,,,2.0,5.0,,2.0,5.0,,,
living,,12.0,,,,,,,,,4.0,,,3.0,,1.0,1.0,,1.0,,1.0,1.0,,,,,,,3.0,,,4.0,,,6.0,,3.0,,,,,,,,1.0,,,,1.0,,2.0,1.0,,1.0,,,,2.0,,,2.0,,,
ll,,37.0,,11.0,,2.0,1.0,,,,7.0,4.0,1.0,6.0,1.0,,6.0,10.0,1.0,,8.0,13.0,,,,2.0,2.0,2.0,2.0,,,27.0,,,50.0,,66.0,,,,3.0,,,,7.0,1.0,,21.0,,2.0,3.0,3.0,,18.0,17.0,,1.0,7.0,,,9.0,,,1.0
local,,,,1.0,,3.0,,,,,2.0,,,,,,,,2.0,,1.0,,,,,1.0,,,,,,2.0,,,6.0,,3.0,,3.0,,,1.0,,,1.0,,1.0,,,1.0,6.0,,,5.0,,,8.0,,,,,,,
long,1.0,21.0,1.0,3.0,,1.0,,,,,13.0,1.0,2.0,,,,1.0,1.0,1.0,,10.0,4.0,,1.0,,2.0,4.0,,1.0,,2.0,23.0,,,15.0,,72.0,,1.0,,1.0,,1.0,,12.0,3.0,2.0,,1.0,1.0,8.0,6.0,,2.0,8.0,,4.0,7.0,,4.0,2.0,2.0,1.0,
look,,5.0,6.0,4.0,1.0,2.0,,1.0,,,8.0,,2.0,,,1.0,1.0,3.0,2.0,,,5.0,,,2.0,1.0,,,4.0,,,12.0,,,50.0,,24.0,,,,1.0,,,1.0,6.0,,5.0,,,,8.0,3.0,1.0,9.0,1.0,1.0,,7.0,3.0,,6.0,,1.0,1.0
looked,,2.0,,,,,,,,,2.0,1.0,,,,1.0,,,1.0,,1.0,3.0,,,,,,,,1.0,,6.0,,,6.0,,2.0,,,,,,,,,,,,,,1.0,,,2.0,,,2.0,3.0,,,4.0,,1.0,
looking,,2.0,,,,3.0,,,2.0,,7.0,1.0,1.0,1.0,1.0,1.0,,2.0,,,2.0,,,,,,,,,,,6.0,,,10.0,1.0,16.0,,1.0,,2.0,,,1.0,1.0,1.0,,1.0,,1.0,2.0,2.0,,3.0,10.0,,1.0,7.0,,,4.0,,,
looks,,3.0,1.0,4.0,4.0,1.0,,,,,1.0,,,,2.0,,,4.0,,1.0,,,,,,,,,1.0,,,7.0,,,2.0,1.0,3.0,,2.0,,,1.0,,1.0,1.0,,1.0,,,1.0,2.0,,1.0,1.0,1.0,,2.0,,2.0,,5.0,,1.0,1.0
lot,,39.0,1.0,3.0,1.0,1.0,,,,,6.0,1.0,1.0,3.0,,1.0,,,,,7.0,12.0,,,4.0,,2.0,1.0,,,1.0,9.0,,1.0,8.0,,89.0,,,,1.0,,,6.0,11.0,,,,,2.0,8.0,,,4.0,14.0,,,12.0,1.0,1.0,9.0,1.0,1.0,
love,,15.0,,1.0,,1.0,1.0,1.0,,1.0,,1.0,,,,1.0,2.0,1.0,2.0,,,3.0,,,2.0,,,2.0,3.0,,4.0,8.0,,2.0,9.0,,35.0,,,,,,,1.0,9.0,,1.0,2.0,,,16.0,7.0,,5.0,4.0,,,8.0,,1.0,7.0,,,
m,,47.0,,1.0,,3.0,2.0,,1.0,,17.0,12.0,2.0,3.0,,,2.0,,1.0,4.0,6.0,7.0,1.0,,,1.0,,1.0,2.0,,3.0,62.0,,1.0,42.0,1.0,105.0,,,,8.0,,,1.0,16.0,,1.0,2.0,1.0,3.0,12.0,1.0,1.0,5.0,16.0,,2.0,60.0,,,16.0,1.0,6.0,
made,1.0,28.0,,4.0,,2.0,,,,,12.0,2.0,,5.0,6.0,,2.0,1.0,4.0,,7.0,4.0,,,2.0,2.0,,1.0,5.0,,,17.0,,,20.0,,4.0,,,1.0,,,,,5.0,3.0,,1.0,,2.0,16.0,2.0,4.0,7.0,7.0,,3.0,12.0,,,15.0,,,1.0
major,,4.0,,,,2.0,,2.0,,,8.0,,2.0,2.0,,,,,,,,2.0,,,,,,,1.0,,,1.0,,1.0,,,,,,,,,,,,,2.0,,,,7.0,,,1.0,,,2.0,,,,,,,
make,,45.0,5.0,19.0,3.0,3.0,,,1.0,1.0,39.0,1.0,2.0,3.0,2.0,,3.0,2.0,,,4.0,22.0,,,2.0,,11.0,4.0,2.0,2.0,1.0,16.0,,1.0,42.0,1.0,49.0,4.0,1.0,,2.0,,1.0,3.0,11.0,5.0,2.0,23.0,1.0,1.0,20.0,2.0,,23.0,20.0,,8.0,23.0,2.0,,10.0,2.0,,
makes,,5.0,,,4.0,5.0,,,,,5.0,,1.0,,2.0,1.0,1.0,1.0,3.0,,4.0,9.0,1.0,,,,,1.0,1.0,,,5.0,1.0,2.0,10.0,,11.0,,,,,,,,3.0,5.0,1.0,,,,2.0,,,2.0,3.0,,1.0,5.0,,,2.0,,,
making,,11.0,3.0,,,4.0,1.0,,,1.0,8.0,,1.0,1.0,,,,,,,1.0,6.0,1.0,,2.0,,,,2.0,1.0,,7.0,1.0,,10.0,,7.0,,,,,,,,7.0,3.0,3.0,23.0,,,8.0,,1.0,8.0,4.0,,3.0,4.0,,,4.0,,,
man,,7.0,,,,2.0,,,,,7.0,1.0,,,,,,1.0,9.0,1.0,,,1.0,,,,,,6.0,,2.0,5.0,,,,1.0,,,,,,,,,4.0,,4.0,4.0,,2.0,2.0,1.0,1.0,1.0,1.0,,6.0,,,,2.0,,1.0,1.0
many,,20.0,3.0,4.0,,2.0,1.0,,,,14.0,1.0,,,2.0,,,7.0,2.0,1.0,3.0,6.0,3.0,2.0,1.0,3.0,,,1.0,1.0,,14.0,2.0,2.0,18.0,,50.0,1.0,,1.0,1.0,2.0,,2.0,7.0,5.0,2.0,7.0,,,14.0,3.0,,15.0,23.0,,7.0,2.0,,,3.0,,,2.0
mark,1.0,3.0,,,,,2.0,,,,4.0,,2.0,,,,,,,1.0,,,,,,1.0,,,,,,5.0,,,2.0,1.0,2.0,,,,,1.0,,1.0,,,,,,,,,4.0,1.0,2.0,,3.0,,,,3.0,,,
matter,,8.0,,,,1.0,,,,,8.0,,1.0,,,,1.0,,,2.0,1.0,3.0,,,,2.0,,1.0,1.0,,1.0,1.0,,,1.0,,5.0,,,,,,1.0,1.0,4.0,,,,,,3.0,,,4.0,2.0,,3.0,3.0,,,2.0,,,
may,,15.0,5.0,13.0,3.0,1.0,,,,,19.0,,3.0,,,,1.0,2.0,2.0,2.0,5.0,4.0,,,,,,1.0,2.0,,1.0,11.0,7.0,,17.0,,24.0,,1.0,,,1.0,,,,5.0,1.0,,,1.0,17.0,1.0,,6.0,12.0,,7.0,4.0,1.0,1.0,1.0,,,
maybe,,14.0,,,,,,,,,2.0,1.0,,,,,1.0,1.0,1.0,,3.0,3.0,,,,3.0,,1.0,,,,2.0,,1.0,3.0,,36.0,,,,,,,,3.0,,2.0,1.0,,,5.0,1.0,,1.0,4.0,,,16.0,,1.0,2.0,,1.0,
me,,82.0,2.0,10.0,,8.0,4.0,2.0,,1.0,19.0,15.0,,1.0,4.0,1.0,4.0,,1.0,1.0,17.0,14.0,,2.0,2.0,2.0,,2.0,,1.0,,86.0,2.0,5.0,61.0,,140.0,,,,6.0,,,7.0,32.0,2.0,5.0,1.0,1.0,2.0,19.0,11.0,,1.0,56.0,,2.0,101.0,,2.0,16.0,2.0,2.0,1.0
mean,,7.0,,,,,,,1.0,,7.0,,,5.0,,1.0,,,1.0,,1.0,2.0,1.0,,,,,,2.0,,1.0,4.0,,1.0,3.0,,4.0,,,,,,1.0,1.0,2.0,,1.0,,,,8.0,,,1.0,8.0,,2.0,,,,,,1.0,
means,,11.0,1.0,1.0,1.0,,,1.0,,,3.0,,,,,,,1.0,2.0,,1.0,2.0,,,,1.0,,1.0,,1.0,,6.0,,1.0,6.0,1.0,4.0,,,,,,1.0,1.0,4.0,1.0,1.0,,,,5.0,,,5.0,7.0,,3.0,1.0,,,,1.0,,
media,2.0,2.0,,,,3.0,2.0,1.0,,,14.0,2.0,,,,,,,,1.0,1.0,,,4.0,,1.0,,1.0,2.0,1.0,,6.0,,,9.0,1.0,14.0,1.0,,,4.0,,,5.0,1.0,1.0,,,1.0,,5.0,,,3.0,122.0,2.0,3.0,1.0,,2.0,3.0,,,1.0
met,,2.0,,,,,,,,,1.0,1.0,,,,,,,,,2.0,,,2.0,,,,,,,,4.0,,,1.0,,7.0,,,,,,,2.0,3.0,,,,,,4.0,2.0,,1.0,2.0,,,,,,2.0,,,1.0
might,,16.0,,1.0,7.0,2.0,2.0,,1.0,1.0,11.0,1.0,1.0,1.0,,,,,1.0,,2.0,18.0,,,,,,1.0,,,1.0,6.0,,2.0,23.0,1.0,77.0,,2.0,,6.0,,,,11.0,2.0,2.0,,,,14.0,1.0,,3.0,7.0,,2.0,,,,5.0,,3.0,
million,,,,,,1.0,,,,,15.0,,,1.0,1.0,,,,,,,6.0,,,4.0,,,2.0,4.0,,,,,,3.0,,2.0,,1.0,,,,,2.0,,7.0,1.0,1.0,1.0,13.0,7.0,1.0,,9.0,,5.0,5.0,,,,2.0,,,
mind,,7.0,,1.0,,2.0,,,,,3.0,,,,,,,1.0,1.0,,,2.0,2.0,,,1.0,,2.0,,,,4.0,,,8.0,,11.0,,,,,,,,3.0,,,3.0,,,1.0,,,,,,,4.0,,,,,,
monday,,1.0,,,,,,1.0,1.0,1.0,26.0,,,1.0,1.0,,,,2.0,,,,,2.0,1.0,4.0,,1.0,10.0,,,2.0,,,,2.0,,,,,,,,1.0,,,,,2.0,1.0,,,,1.0,,,11.0,4.0,,,,,,
money,,5.0,,,,1.0,,1.0,,,8.0,3.0,,2.0,,,,,1.0,2.0,,18.0,,,,,,,,1.0,,16.0,,,2.0,,33.0,,,,1.0,,,3.0,3.0,,1.0,22.0,,2.0,7.0,1.0,,,3.0,,3.0,1.0,,,1.0,,,
month,,2.0,,,,2.0,,,,,4.0,,,,,,,,2.0,,,2.0,,,,1.0,,,5.0,3.0,2.0,7.0,1.0,1.0,21.0,,26.0,,,,,1.0,,,1.0,4.0,,,2.0,1.0,4.0,,,5.0,1.0,,3.0,11.0,,,,1.0,,
months,,4.0,,,,,,2.0,,,3.0,2.0,2.0,,,,,2.0,1.0,,,3.0,1.0,,,,,,1.0,,1.0,14.0,,2.0,11.0,1.0,12.0,,,,,,,1.0,2.0,2.0,,,,,5.0,,,2.0,5.0,,2.0,4.0,,,5.0,1.0,,1.0
morning,,7.0,,,,1.0,2.0,,1.0,1.0,11.0,2.0,,5.0,,1.0,,,9.0,,,,,,,3.0,,,,,,9.0,,,3.0,,18.0,,,,,,,1.0,1.0,,1.0,,1.0,,3.0,2.0,,2.0,,,1.0,6.0,,,1.0,,,
most,2.0,41.0,3.0,7.0,4.0,11.0,2.0,,4.0,,16.0,2.0,1.0,2.0,,,3.0,5.0,2.0,2.0,8.0,12.0,1.0,2.0,3.0,,3.0,,4.0,,1.0,10.0,2.0,1.0,26.0,2.0,53.0,1.0,1.0,1.0,,,,2.0,12.0,5.0,2.0,1.0,1.0,1.0,11.0,5.0,3.0,23.0,24.0,,7.0,11.0,1.0,1.0,13.0,1.0,3.0,2.0
movies,,1.0,,,4.0,,,,,,,,2.0,,2.0,,,3.0,1.0,,,,,,2.0,,,,6.0,,,1.0,,,1.0,1.0,,,1.0,,,,,,,,1.0,,,,2.0,,,7.0,1.0,,,10.0,,,7.0,,,
much,1.0,37.0,1.0,1.0,1.0,4.0,2.0,,,1.0,11.0,1.0,4.0,2.0,1.0,1.0,4.0,9.0,2.0,,4.0,8.0,1.0,1.0,2.0,1.0,,2.0,1.0,1.0,,34.0,,3.0,88.0,,31.0,1.0,1.0,,3.0,,2.0,2.0,4.0,,,,1.0,1.0,23.0,2.0,,5.0,8.0,,8.0,16.0,,,9.0,1.0,2.0,1.0
music,,,,,,6.0,,,2.0,,3.0,,,,2.0,,,10.0,2.0,,,1.0,,,,1.0,,,3.0,,3.0,3.0,2.0,,9.0,,,,,,3.0,,,,,,2.0,,,,12.0,,,4.0,6.0,,,2.0,3.0,,22.0,,,1.0
must,1.0,1.0,,1.0,,1.0,,,,,3.0,1.0,,,,,,1.0,,2.0,3.0,1.0,,,,,,,1.0,,,2.0,,1.0,9.0,,,,,,,,,,,3.0,2.0,,1.0,,5.0,,,,3.0,,2.0,,,1.0,1.0,,,
my,1.0,188.0,3.0,22.0,,15.0,9.0,2.0,5.0,3.0,16.0,22.0,,4.0,6.0,11.0,7.0,1.0,1.0,3.0,21.0,10.0,1.0,2.0,,,,3.0,2.0,6.0,1.0,70.0,1.0,6.0,239.0,,234.0,1.0,,,11.0,1.0,,12.0,40.0,1.0,8.0,30.0,2.0,1.0,10.0,17.0,,4.0,68.0,,1.0,108.0,,4.0,30.0,3.0,6.0,3.0
myself,,8.0,,1.0,,,,,,,1.0,,,,,1.0,,,,,3.0,1.0,1.0,,,,,,,,,3.0,,2.0,8.0,,9.0,,,,,,,,6.0,,2.0,20.0,,,,1.0,,,3.0,,1.0,27.0,,,5.0,,,2.0
name,2.0,3.0,,13.0,,1.0,,,,,7.0,,,,,,2.0,1.0,1.0,,3.0,2.0,,,,,,,1.0,,,3.0,,,14.0,,6.0,15.0,,1.0,,,,1.0,,5.0,,,2.0,,6.0,,,9.0,10.0,2.0,4.0,1.0,,,,,,
national,2.0,,,,,1.0,,4.0,,,23.0,,,,,,,,,,,,,,,,,,2.0,,,,,,,1.0,,,,2.0,,,,,,5.0,,,1.0,,6.0,,,20.0,,,2.0,1.0,,,2.0,,,
nbsp,2.0,1.0,,29.0,156.0,,,,,,,,,,,28.0,,2.0,16.0,,,21.0,,,,,,,,,,297.0,,,6.0,,7.0,,,,,,10.0,,10.0,,,,,17.0,,,,6.0,,,10.0,8.0,,,252.0,,,
need,,21.0,3.0,7.0,1.0,1.0,1.0,,1.0,,5.0,1.0,,3.0,3.0,,2.0,8.0,,,5.0,15.0,,,1.0,,,4.0,1.0,,3.0,13.0,,2.0,59.0,,31.0,,,,1.0,1.0,2.0,,10.0,5.0,1.0,,,,11.0,,,13.0,8.0,,2.0,7.0,,1.0,7.0,,1.0,1.0
needed,,3.0,,2.0,,,,,,,,,,,,,1.0,1.0,1.0,,2.0,2.0,,,,,,,2.0,,,5.0,,,22.0,,4.0,,,,,,,,,,,2.0,,,3.0,,1.0,1.0,2.0,,,1.0,,,,1.0,,
needs,1.0,4.0,2.0,,,,5.0,,,,5.0,,,,,,,,,,,3.0,,,,,1.0,1.0,,,,3.0,,,6.0,2.0,2.0,,,,,,,,2.0,,,,,,4.0,,2.0,4.0,6.0,,,,,,,,,
network,1.0,4.0,,2.0,,,,,,,2.0,1.0,1.0,,,,,1.0,,,4.0,3.0,,,,1.0,,,,,,,,,37.0,,5.0,,1.0,3.0,,,,5.0,,1.0,1.0,,,,10.0,,,11.0,6.0,2.0,1.0,,,,1.0,,,
never,,26.0,1.0,,3.0,5.0,1.0,,,,9.0,3.0,1.0,1.0,1.0,,1.0,1.0,1.0,,3.0,7.0,,,,1.0,2.0,1.0,2.0,,,15.0,,1.0,10.0,,16.0,,,,,1.0,,1.0,5.0,,1.0,,3.0,,10.0,2.0,,5.0,10.0,,4.0,9.0,,,4.0,,,
news,1.0,1.0,1.0,1.0,3.0,1.0,8.0,1.0,,,11.0,1.0,2.0,2.0,1.0,,1.0,,1.0,,,3.0,,,,6.0,,2.0,1.0,1.0,,6.0,,,18.0,,5.0,,,2.0,1.0,,,1.0,2.0,2.0,2.0,,1.0,1.0,14.0,2.0,2.0,4.0,1.0,,7.0,1.0,,2.0,1.0,1.0,,1.0
next,,3.0,,7.0,1.0,1.0,,1.0,,1.0,4.0,1.0,4.0,,,,1.0,6.0,3.0,2.0,5.0,4.0,,,,,,1.0,3.0,2.0,,12.0,1.0,,34.0,,30.0,,,,7.0,,,1.0,4.0,3.0,,3.0,1.0,2.0,8.0,1.0,1.0,16.0,10.0,1.0,1.0,7.0,,,2.0,,,
nice,,15.0,,,,1.0,,,,1.0,,2.0,,,,,1.0,1.0,2.0,,3.0,1.0,,,,,,2.0,1.0,1.0,,10.0,,,5.0,,10.0,,,,1.0,,,,,,,1.0,,,3.0,,,,2.0,,,3.0,,1.0,,,1.0,
night,,5.0,,,,1.0,,,,,16.0,2.0,,4.0,2.0,1.0,,,10.0,,2.0,,,,3.0,1.0,1.0,1.0,6.0,,1.0,16.0,,,3.0,1.0,9.0,,,,,,,,,1.0,1.0,,1.0,,1.0,,2.0,4.0,3.0,,3.0,1.0,1.0,,1.0,,,
no,1.0,37.0,5.0,11.0,3.0,7.0,1.0,1.0,2.0,,41.0,2.0,2.0,5.0,1.0,,6.0,10.0,9.0,,5.0,5.0,3.0,,2.0,3.0,,2.0,6.0,1.0,1.0,16.0,3.0,1.0,52.0,1.0,11.0,,,,5.0,,3.0,2.0,15.0,7.0,1.0,3.0,,1.0,24.0,6.0,,13.0,19.0,,8.0,5.0,,2.0,7.0,,3.0,
not,1.0,120.0,4.0,30.0,2.0,15.0,9.0,3.0,4.0,2.0,90.0,6.0,4.0,10.0,5.0,,5.0,14.0,5.0,2.0,9.0,23.0,1.0,,2.0,13.0,1.0,1.0,10.0,,4.0,70.0,,2.0,130.0,1.0,73.0,1.0,1.0,1.0,,3.0,1.0,8.0,23.0,9.0,8.0,3.0,,4.0,104.0,6.0,2.0,8.0,23.0,,38.0,38.0,,2.0,33.0,2.0,4.0,
note,,4.0,,7.0,,,,,,,,,2.0,,,,1.0,5.0,,,4.0,,,,,,,,2.0,,,6.0,,,12.0,,1.0,,,,,,,,1.0,3.0,,,,,5.0,3.0,,,,,,,,,2.0,,1.0,
nothing,,7.0,,2.0,,3.0,2.0,1.0,2.0,1.0,4.0,,,7.0,,,,,,,,2.0,1.0,,,1.0,,,1.0,,,4.0,1.0,1.0,8.0,,6.0,,,1.0,,,,,1.0,1.0,,,,,11.0,2.0,,1.0,2.0,,2.0,9.0,,1.0,,,,
now,,41.0,,12.0,8.0,3.0,,,,,22.0,10.0,3.0,4.0,3.0,2.0,4.0,26.0,2.0,,5.0,21.0,,1.0,4.0,4.0,,4.0,7.0,3.0,1.0,30.0,2.0,3.0,85.0,1.0,26.0,3.0,,1.0,6.0,1.0,,6.0,16.0,9.0,,1.0,5.0,,30.0,2.0,1.0,25.0,22.0,,6.0,24.0,6.0,1.0,17.0,1.0,1.0,1.0
number,,9.0,1.0,4.0,,,,,1.0,,6.0,1.0,,,,,5.0,9.0,,,2.0,7.0,,,,,,1.0,3.0,,1.0,1.0,,,25.0,,31.0,,,,,,,,2.0,4.0,,,,,6.0,1.0,,4.0,5.0,,1.0,4.0,,,2.0,2.0,,2.0
obama,2.0,,,,,3.0,,,,,33.0,,,,3.0,,,,4.0,1.0,,,,,,3.0,,,1.0,,,,,,,,,,,,,,,,,,3.0,,,1.0,7.0,3.0,,,,,,,,,3.0,,,
off,,13.0,1.0,1.0,2.0,3.0,,1.0,,,6.0,1.0,1.0,2.0,1.0,,,,9.0,,5.0,6.0,,,3.0,1.0,,1.0,5.0,1.0,1.0,10.0,,1.0,47.0,1.0,11.0,,,,1.0,,,1.0,6.0,1.0,3.0,,1.0,1.0,14.0,,1.0,3.0,6.0,,2.0,7.0,2.0,,8.0,1.0,1.0,
office,,,,,,2.0,,,,,9.0,,,,1.0,,,,,,1.0,5.0,,,,,,,,,,,,,7.0,,8.0,,,,,,,,3.0,,,,,,7.0,,,3.0,,,10.0,1.0,,,2.0,,,2.0
often,,19.0,2.0,,,5.0,,,,,5.0,2.0,,,,,1.0,1.0,1.0,1.0,2.0,6.0,,,,,,1.0,2.0,,1.0,2.0,,,14.0,,9.0,,,,,,1.0,,,,,1.0,,,7.0,2.0,,7.0,9.0,,,1.0,,,4.0,,,
old,,10.0,,5.0,,1.0,3.0,,,,4.0,2.0,,1.0,,,,1.0,6.0,,,3.0,1.0,,,,,1.0,6.0,,,17.0,,1.0,18.0,2.0,8.0,,1.0,,,,,1.0,6.0,1.0,2.0,3.0,2.0,,6.0,3.0,,1.0,1.0,,5.0,2.0,2.0,,8.0,1.0,3.0,
once,,4.0,,4.0,2.0,1.0,,1.0,2.0,,5.0,2.0,,,,,1.0,1.0,2.0,2.0,1.0,2.0,,,1.0,,,,,,,5.0,,,3.0,,18.0,,,1.0,,,,3.0,3.0,,2.0,1.0,1.0,,9.0,,,2.0,3.0,,2.0,5.0,,,1.0,,,
ones,,2.0,1.0,1.0,,1.0,,,,,3.0,,,1.0,,,,,,,,,,,,,,2.0,,,,4.0,1.0,,2.0,1.0,3.0,,,,,,,,2.0,,,,,,2.0,,,1.0,4.0,,1.0,1.0,2.0,,1.0,,,
online,,1.0,,2.0,,3.0,,,4.0,,1.0,2.0,2.0,,,,1.0,1.0,,2.0,,3.0,,,2.0,1.0,,1.0,3.0,1.0,1.0,11.0,,3.0,7.0,,16.0,,,1.0,,,,1.0,,,,1.0,,1.0,1.0,,,13.0,8.0,,,2.0,1.0,,3.0,,,1.0
only,3.0,22.0,1.0,17.0,3.0,5.0,1.0,1.0,,,27.0,1.0,1.0,3.0,1.0,10.0,2.0,14.0,1.0,2.0,7.0,6.0,,1.0,1.0,4.0,1.0,,2.0,,1.0,23.0,1.0,1.0,113.0,,21.0,,,,,,,3.0,9.0,2.0,,1.0,2.0,1.0,29.0,3.0,,4.0,16.0,,13.0,11.0,,,2.0,,,
open,,4.0,,45.0,3.0,2.0,,,2.0,,7.0,1.0,1.0,,,,2.0,8.0,,,,10.0,,,,2.0,,,1.0,1.0,,,1.0,,16.0,,10.0,,,,,,,1.0,3.0,,,,,,8.0,2.0,,8.0,2.0,1.0,3.0,4.0,,1.0,1.0,,1.0,
or,1.0,105.0,14.0,41.0,1.0,13.0,1.0,,2.0,1.0,54.0,5.0,3.0,6.0,6.0,3.0,7.0,27.0,2.0,3.0,23.0,41.0,4.0,1.0,5.0,1.0,3.0,2.0,4.0,4.0,2.0,79.0,1.0,2.0,143.0,,173.0,,2.0,1.0,7.0,1.0,5.0,1.0,59.0,9.0,3.0,1.0,1.0,,58.0,3.0,2.0,52.0,42.0,,32.0,48.0,1.0,4.0,26.0,1.0,9.0,1.0
original,,2.0,,11.0,,4.0,,,,,3.0,,,,,,,2.0,,,1.0,1.0,1.0,,,,,,1.0,,,2.0,,,5.0,,,10.0,,,,,,,8.0,,,,,,1.0,1.0,,1.0,1.0,1.0,2.0,2.0,,,2.0,,,
other,2.0,22.0,,15.0,1.0,5.0,,2.0,1.0,1.0,32.0,3.0,1.0,5.0,,10.0,4.0,12.0,1.0,1.0,8.0,16.0,,2.0,1.0,1.0,,2.0,1.0,,,22.0,,,52.0,,109.0,,,,4.0,1.0,,7.0,7.0,9.0,2.0,,1.0,,23.0,2.0,1.0,9.0,17.0,,15.0,14.0,,1.0,15.0,,1.0,
others,,4.0,,1.0,,1.0,1.0,,3.0,,6.0,,,,,,1.0,,1.0,1.0,3.0,2.0,,,,,2.0,,2.0,,,1.0,,1.0,5.0,,4.0,,,,,,,2.0,4.0,,,,,,12.0,1.0,,1.0,11.0,,4.0,1.0,,,2.0,,,
our,,35.0,,,43.0,6.0,4.0,,,1.0,48.0,3.0,1.0,1.0,5.0,,3.0,,1.0,,22.0,34.0,4.0,,4.0,3.0,,2.0,2.0,,,29.0,,1.0,53.0,1.0,123.0,1.0,,,9.0,,1.0,3.0,26.0,2.0,1.0,1.0,,3.0,19.0,4.0,,52.0,6.0,,11.0,6.0,,3.0,7.0,1.0,1.0,
out,1.0,44.0,1.0,5.0,2.0,8.0,1.0,4.0,,1.0,42.0,9.0,8.0,4.0,6.0,1.0,2.0,2.0,7.0,,8.0,24.0,1.0,,4.0,6.0,,5.0,10.0,1.0,4.0,66.0,,1.0,79.0,5.0,74.0,1.0,,,4.0,,1.0,7.0,31.0,13.0,1.0,1.0,1.0,7.0,52.0,3.0,,27.0,32.0,,11.0,38.0,2.0,2.0,19.0,2.0,3.0,1.0
outside,,5.0,,,,2.0,1.0,,,,4.0,1.0,,1.0,,,,,4.0,,2.0,3.0,,,,,1.0,,1.0,,2.0,,,,2.0,,3.0,,,,,,,,1.0,,,,1.0,1.0,5.0,,,,1.0,,2.0,3.0,,,,,,
over,3.0,29.0,5.0,9.0,10.0,4.0,2.0,1.0,,,33.0,5.0,4.0,5.0,1.0,,1.0,2.0,4.0,,9.0,9.0,,1.0,5.0,5.0,,3.0,4.0,2.0,1.0,21.0,,1.0,42.0,1.0,72.0,,2.0,2.0,8.0,1.0,,6.0,27.0,4.0,,,3.0,,34.0,3.0,,10.0,14.0,,6.0,13.0,,2.0,8.0,3.0,,2.0
own,,13.0,1.0,3.0,,3.0,,,2.0,1.0,8.0,2.0,1.0,2.0,3.0,,,2.0,1.0,1.0,,9.0,1.0,,,,,1.0,4.0,,,6.0,1.0,1.0,36.0,,11.0,,,,,,,,7.0,4.0,,2.0,,1.0,14.0,1.0,,8.0,25.0,,12.0,4.0,,,3.0,1.0,,
p,,,,,,,,,,,4.0,1.0,,,2.0,1.0,,1.0,1.0,,,,,,,,,,,,,2.0,,,12.0,,,,,,,,,,,,3.0,,,2.0,3.0,,2.0,3.0,,,,,,,1.0,,2.0,
page,,4.0,,2.0,,1.0,1.0,,1.0,,,1.0,,,,,,4.0,,,,3.0,3.0,,2.0,,,,,,,3.0,,,36.0,,35.0,,,,,,,1.0,2.0,,1.0,5.0,,,5.0,,,4.0,8.0,,1.0,2.0,,,2.0,,1.0,
part,,17.0,2.0,,,9.0,,,,,6.0,2.0,,2.0,,,,2.0,,,,1.0,,,,4.0,,2.0,1.0,1.0,,13.0,,1.0,38.0,,14.0,1.0,,,,,1.0,,2.0,2.0,7.0,,,,12.0,3.0,,7.0,7.0,,8.0,15.0,,,1.0,,,
particular,,3.0,,2.0,,,,,,,2.0,,,,,,,,,,,1.0,,,,1.0,,,,,,1.0,,,7.0,,25.0,,,,,,,,1.0,2.0,,,,,2.0,,,1.0,2.0,,3.0,5.0,,,1.0,,,
past,1.0,8.0,,1.0,,1.0,,1.0,,,6.0,,,1.0,1.0,,2.0,,2.0,,,,,,,,,,2.0,,,3.0,,2.0,5.0,,9.0,,1.0,2.0,,1.0,,1.0,,2.0,,4.0,1.0,,5.0,3.0,1.0,2.0,1.0,,,5.0,1.0,,6.0,3.0,,
pay,,3.0,,,3.0,,,,1.0,,6.0,,,1.0,1.0,,,,1.0,,,11.0,,,,,,2.0,,,1.0,10.0,,,4.0,1.0,6.0,,,,1.0,,,1.0,1.0,,,,1.0,,8.0,,,2.0,3.0,,4.0,1.0,2.0,,1.0,,,
people,,54.0,3.0,8.0,,8.0,,,2.0,1.0,53.0,2.0,2.0,20.0,3.0,1.0,3.0,3.0,7.0,2.0,6.0,44.0,2.0,,4.0,5.0,13.0,4.0,13.0,3.0,2.0,62.0,1.0,4.0,34.0,1.0,166.0,1.0,,,2.0,,3.0,7.0,52.0,2.0,3.0,54.0,2.0,,36.0,5.0,,30.0,73.0,,28.0,12.0,,1.0,22.0,,,4.0
person,,8.0,,,,1.0,,,,,4.0,,,1.0,,,,,3.0,,2.0,1.0,,2.0,,,,,,,,1.0,,,2.0,,30.0,,,,,,,,9.0,2.0,1.0,,,,2.0,1.0,,6.0,5.0,1.0,2.0,4.0,,,2.0,,,
personal,,4.0,,1.0,,3.0,,,,1.0,3.0,,1.0,,,,,,,,,1.0,,,,,,3.0,,,,3.0,,,6.0,,7.0,,,,6.0,,,,2.0,,1.0,20.0,,,11.0,1.0,,2.0,6.0,,6.0,,,,,1.0,,
phone,,1.0,,,,2.0,,,,,3.0,,1.0,,4.0,,4.0,5.0,,,,,,,,1.0,,,1.0,,,13.0,,,37.0,,3.0,,,1.0,,,,,1.0,,2.0,,,1.0,12.0,,,9.0,,,,,,3.0,,,,
photo,,2.0,,,,,1.0,,,1.0,1.0,,1.0,,,1.0,1.0,1.0,1.0,,,,,3.0,,,2.0,,2.0,,1.0,13.0,,,40.0,,3.0,,,1.0,1.0,,,,,,,,3.0,,,2.0,,6.0,,1.0,5.0,,,,1.0,1.0,,
photos,,,,,4.0,,,,,,,2.0,7.0,,,,,17.0,1.0,2.0,5.0,,,,,,,,,,1.0,8.0,,,42.0,1.0,,,,,,,,1.0,,4.0,2.0,,,,,1.0,,20.0,,,,,,,4.0,,,
pick,,2.0,,1.0,,,,,,,,,,,,,1.0,5.0,,2.0,1.0,2.0,,,,,,1.0,,,2.0,2.0,,,4.0,,3.0,,,1.0,,,,2.0,1.0,,,,,,,1.0,,5.0,2.0,,,,,,,,,
place,1.0,7.0,,1.0,,2.0,,,1.0,,6.0,,,,3.0,,2.0,4.0,1.0,1.0,1.0,4.0,,,,2.0,,,,,1.0,5.0,,,16.0,,7.0,,1.0,,,,,,9.0,,,1.0,,2.0,11.0,1.0,,6.0,3.0,,3.0,2.0,,1.0,3.0,,,
plan,,2.0,,,,,,,,,11.0,,,,,,,3.0,1.0,,,3.0,,,,,,1.0,1.0,,,1.0,,,12.0,,4.0,,,,,,,,,8.0,,,,,8.0,,,8.0,,,26.0,,2.0,,1.0,,1.0,
play,2.0,6.0,,,,2.0,,,,,1.0,,1.0,,,,,14.0,2.0,,,1.0,,,2.0,1.0,,2.0,1.0,,1.0,2.0,,,11.0,,3.0,,,,,,,3.0,1.0,,3.0,,,1.0,3.0,,,11.0,2.0,,,7.0,,,,,,
please,,16.0,,5.0,39.0,,1.0,,,,3.0,,,,,,,1.0,,,3.0,2.0,,,,2.0,,,1.0,,,1.0,,,6.0,,2.0,,,,,,,,3.0,,2.0,21.0,,,1.0,3.0,1.0,,3.0,,1.0,2.0,,,1.0,,,
point,,21.0,,3.0,,2.0,,,,,9.0,,1.0,2.0,,,,,1.0,,4.0,5.0,,,,1.0,,1.0,2.0,,,2.0,,1.0,18.0,,10.0,,,,,,,,7.0,,,,1.0,2.0,19.0,,,1.0,6.0,,1.0,3.0,,,8.0,1.0,1.0,
policy,,,,,3.0,2.0,,1.0,,,8.0,,,1.0,1.0,,,,,,,,5.0,,,1.0,,,2.0,,,,,,6.0,,,,,,,,,,,2.0,1.0,,,1.0,8.0,,,3.0,2.0,,5.0,,,,,,,
popular,,2.0,,,,3.0,,,,,,,2.0,1.0,,,,5.0,,,,2.0,,,,,,,1.0,,,,,1.0,12.0,,2.0,,,,,,,,1.0,5.0,,2.0,,2.0,2.0,,,5.0,7.0,1.0,,,,,2.0,,,
possible,,5.0,1.0,4.0,,,,,,,2.0,1.0,,,,,1.0,,3.0,1.0,2.0,3.0,1.0,,,,,,,,,3.0,1.0,,9.0,,,,,1.0,1.0,,,,2.0,1.0,,,,,8.0,1.0,,2.0,1.0,,,3.0,,1.0,,,,
post,,2.0,4.0,11.0,,5.0,1.0,1.0,11.0,4.0,8.0,3.0,,,1.0,,2.0,,4.0,12.0,2.0,4.0,10.0,4.0,,,21.0,,2.0,,1.0,10.0,,2.0,36.0,,120.0,1.0,10.0,1.0,20.0,,1.0,2.0,6.0,2.0,3.0,21.0,,,6.0,4.0,2.0,1.0,41.0,,1.0,2.0,10.0,,6.0,,1.0,1.0
posted,,15.0,,,1.0,,,,,,,1.0,1.0,,1.0,,,,,,,2.0,,1.0,,,,,2.0,,1.0,25.0,,,,,1.0,,,,2.0,2.0,,,1.0,2.0,5.0,,,1.0,3.0,,,26.0,,,,1.0,,,,,,
posts,,2.0,,20.0,,1.0,,,,1.0,3.0,,,,,,1.0,,,,,1.0,,1.0,,,,,,,1.0,2.0,,1.0,10.0,,84.0,10.0,,,,,,1.0,3.0,1.0,,,,,2.0,4.0,,1.0,7.0,,1.0,,,,2.0,,,
power,,7.0,,,5.0,2.0,,,,1.0,7.0,,,,,,,,,,,1.0,,,,,4.0,,2.0,,,3.0,,,37.0,,,,,,1.0,,,,,,,,,,3.0,,,,5.0,,2.0,1.0,,,,,,
pretty,,11.0,,1.0,,,,,,,6.0,,,,,,,2.0,,,1.0,5.0,1.0,,1.0,,,1.0,1.0,1.0,,8.0,,,11.0,,14.0,,,,,,1.0,3.0,2.0,1.0,,,1.0,1.0,10.0,,,,3.0,,,6.0,,,2.0,,,2.0
probably,,8.0,,2.0,,1.0,1.0,,,,8.0,1.0,,1.0,1.0,,2.0,1.0,1.0,,6.0,2.0,,,,1.0,,,,,1.0,10.0,,,18.0,,34.0,,,,,,,1.0,6.0,,2.0,1.0,,,6.0,2.0,,1.0,11.0,,,11.0,,,3.0,1.0,,
problem,,15.0,3.0,10.0,,4.0,1.0,,,,4.0,,,5.0,1.0,,,,,,2.0,3.0,,,1.0,1.0,1.0,,2.0,1.0,,6.0,1.0,,6.0,,9.0,1.0,,,,,1.0,,2.0,3.0,3.0,,,,7.0,1.0,,2.0,5.0,,,,,,4.0,,1.0,
process,,2.0,,2.0,,1.0,,,,,3.0,1.0,,,1.0,,2.0,,,,,,,,1.0,,,1.0,1.0,,,2.0,,,27.0,,2.0,,,,,,,,,3.0,,,,,4.0,,1.0,4.0,1.0,,1.0,,,,3.0,,,
project,,3.0,,1.0,,2.0,,,,,3.0,,1.0,,,,,,2.0,,,5.0,,,,,,,1.0,2.0,,1.0,1.0,,38.0,,4.0,,2.0,,,,1.0,,4.0,,2.0,,,,,,,8.0,4.0,,,3.0,,,4.0,1.0,,
public,,1.0,,,,,1.0,1.0,,,6.0,,1.0,3.0,,,,3.0,,,2.0,6.0,,2.0,,1.0,,,1.0,,2.0,7.0,,,3.0,,1.0,,1.0,,,,,2.0,,2.0,1.0,,,,35.0,1.0,,5.0,,,9.0,,,4.0,13.0,,,
put,,3.0,1.0,,,,,,,,11.0,1.0,,1.0,,,1.0,,,,2.0,2.0,,,,1.0,,,4.0,,1.0,21.0,,1.0,30.0,,28.0,,,,,,1.0,2.0,4.0,2.0,3.0,,,,8.0,,,2.0,4.0,,1.0,12.0,,1.0,3.0,1.0,,1.0
questions,1.0,,,,,1.0,,,,,10.0,1.0,,,,,2.0,4.0,1.0,,1.0,6.0,,,,,,1.0,1.0,,,8.0,,,13.0,,22.0,,,,,,,,1.0,,1.0,,,,2.0,1.0,,3.0,6.0,,1.0,2.0,,2.0,3.0,,,
rather,,8.0,,2.0,,2.0,,2.0,,,3.0,,,,,,,,1.0,,1.0,,1.0,,,,,2.0,,,,1.0,,,8.0,,6.0,,,,,,,,2.0,1.0,,,,,14.0,1.0,,1.0,1.0,,1.0,,,,4.0,,,
re,,48.0,,10.0,,6.0,,,2.0,1.0,50.0,7.0,3.0,,5.0,,5.0,12.0,4.0,1.0,5.0,47.0,,1.0,3.0,5.0,1.0,7.0,4.0,3.0,1.0,11.0,3.0,2.0,60.0,,103.0,,,1.0,,,3.0,1.0,31.0,3.0,2.0,3.0,5.0,1.0,36.0,2.0,2.0,67.0,4.0,,3.0,15.0,,,12.0,1.0,12.0,2.0
read,1.0,43.0,10.0,2.0,,2.0,,,10.0,,3.0,,1.0,1.0,25.0,2.0,2.0,3.0,,,3.0,4.0,1.0,,25.0,6.0,,25.0,31.0,1.0,,22.0,,,11.0,,20.0,13.0,10.0,,,,,2.0,14.0,16.0,,20.0,,20.0,9.0,9.0,10.0,,9.0,15.0,10.0,16.0,,,6.0,,4.0,6.0
reading,,13.0,,,39.0,1.0,,,,,2.0,4.0,,1.0,,,1.0,,,,4.0,2.0,,1.0,,,,1.0,,1.0,,5.0,,,11.0,,15.0,,,,14.0,,,1.0,2.0,,,,,,1.0,3.0,,1.0,8.0,,1.0,9.0,,,4.0,,,1.0
real,,19.0,,1.0,,,,,,,2.0,,1.0,1.0,,,,2.0,1.0,3.0,1.0,2.0,,,1.0,,,,7.0,,2.0,5.0,1.0,,25.0,,11.0,,,,1.0,,,,4.0,,4.0,1.0,1.0,,6.0,1.0,,4.0,2.0,,2.0,8.0,2.0,2.0,6.0,,1.0,
really,1.0,77.0,3.0,3.0,,1.0,,,,1.0,12.0,2.0,2.0,5.0,1.0,,,,,,12.0,18.0,,,,2.0,,3.0,2.0,1.0,,29.0,,5.0,15.0,,147.0,,,,,,,4.0,11.0,1.0,1.0,1.0,,,22.0,,,1.0,9.0,,3.0,42.0,,,4.0,,1.0,
reason,,5.0,,2.0,,,,,,,3.0,,,1.0,,,,,,,1.0,,1.0,,1.0,,,3.0,,,,1.0,,,11.0,,16.0,,,,,,1.0,,,,2.0,2.0,,,4.0,,,,10.0,,3.0,3.0,,,5.0,,,
recent,,2.0,1.0,3.0,,1.0,,,,,5.0,,,1.0,1.0,,,1.0,2.0,,2.0,,,1.0,,,,,1.0,,1.0,3.0,,,5.0,,4.0,,1.0,,,,,,2.0,1.0,,,,,1.0,1.0,,2.0,5.0,,3.0,,,,5.0,,1.0,
recently,1.0,1.0,,2.0,,2.0,,,,1.0,2.0,,,,1.0,,,,,1.0,2.0,1.0,,3.0,,,,,,2.0,,2.0,,1.0,7.0,2.0,2.0,1.0,,,,,,2.0,2.0,,,1.0,,1.0,4.0,4.0,,2.0,6.0,,,3.0,,1.0,5.0,1.0,,
related,,3.0,,,,,,1.0,,,,,,1.0,,,,5.0,3.0,,1.0,2.0,,,,,,,,,1.0,,,,3.0,8.0,10.0,10.0,,,,1.0,,,,1.0,,,,,6.0,,,1.0,,,,,,,2.0,,,
remember,,6.0,,1.0,,2.0,1.0,,,1.0,6.0,,,,,1.0,,1.0,2.0,,3.0,1.0,,,,,,,,,,3.0,,,4.0,1.0,7.0,,,1.0,,,,,3.0,,,,,,1.0,1.0,,1.0,3.0,,,8.0,,,1.0,,,
results,,2.0,,,,,,,,,,,,,,,1.0,11.0,,,1.0,,,,,,2.0,1.0,1.0,,,2.0,,,1.0,,,,,,,3.0,,,,,1.0,,,,,1.0,4.0,3.0,5.0,,2.0,,,,2.0,,,
right,,24.0,,12.0,2.0,,,,3.0,,14.0,4.0,1.0,2.0,1.0,1.0,1.0,10.0,2.0,,5.0,9.0,1.0,,1.0,3.0,,2.0,3.0,,3.0,16.0,1.0,,23.0,1.0,25.0,,,,,,,,7.0,2.0,,,,,13.0,,,4.0,7.0,,2.0,14.0,2.0,1.0,9.0,1.0,1.0,1.0
rights,,,,,,,1.0,,,,11.0,1.0,,,,,,,,,,,,,,2.0,,,2.0,,,3.0,,,,,,10.0,,,,,,,2.0,,,,,,12.0,1.0,,3.0,,,7.0,,,2.0,4.0,,,
room,,8.0,,,,,,,,,2.0,,,,,,1.0,1.0,,,,2.0,,,,2.0,,,1.0,1.0,,1.0,,,9.0,,5.0,,,,,,,,,,,,,,1.0,1.0,,2.0,1.0,1.0,,4.0,,,2.0,,2.0,
run,,6.0,,4.0,1.0,,,2.0,,,4.0,,,,1.0,,1.0,,,,1.0,1.0,,,,,,1.0,1.0,,,10.0,,,34.0,,15.0,,,1.0,,,,,4.0,1.0,,2.0,,,4.0,,,1.0,,,,6.0,1.0,,4.0,,,
running,,4.0,,5.0,,4.0,,,,,9.0,,,,,,,,,,1.0,11.0,,,,1.0,,3.0,2.0,1.0,1.0,4.0,,,23.0,,6.0,,,1.0,,,,1.0,2.0,1.0,1.0,,,,3.0,,,,,,2.0,7.0,,,,,,
said,1.0,14.0,,,,4.0,2.0,,,1.0,49.0,3.0,1.0,,,,2.0,,5.0,,2.0,3.0,2.0,1.0,,9.0,,,4.0,,4.0,34.0,,,10.0,1.0,14.0,,2.0,1.0,,3.0,,3.0,7.0,21.0,3.0,,,1.0,13.0,4.0,1.0,1.0,13.0,,20.0,12.0,,,5.0,,3.0,
same,,9.0,1.0,15.0,,4.0,1.0,1.0,,,9.0,3.0,,1.0,,,1.0,2.0,3.0,,3.0,5.0,2.0,,1.0,,,1.0,1.0,,,5.0,1.0,,32.0,,11.0,1.0,,,,,,2.0,5.0,2.0,,2.0,,1.0,13.0,2.0,1.0,3.0,16.0,,22.0,1.0,,1.0,7.0,,,1.0
san,1.0,2.0,,,3.0,1.0,,,,,,2.0,,,,,,,,2.0,3.0,1.0,,,,,,,2.0,,,4.0,,,7.0,,,,,1.0,,,,1.0,,1.0,,,,1.0,2.0,,,6.0,3.0,,,,,,,,2.0,
save,,2.0,,9.0,,1.0,3.0,,,,1.0,,,2.0,,,,11.0,1.0,,,2.0,,,1.0,,,,,,1.0,6.0,,,5.0,,2.0,,,,3.0,,,,4.0,1.0,,1.0,,,,,,1.0,1.0,,,1.0,,,,,,
saw,,1.0,,,,1.0,1.0,,1.0,,5.0,,,1.0,,,1.0,,,,2.0,2.0,,,,,,,,,2.0,2.0,,1.0,1.0,,3.0,,,,,1.0,,,2.0,,1.0,,,2.0,2.0,,,1.0,2.0,,,2.0,,,,,,
say,,21.0,,2.0,,1.0,2.0,,,,9.0,3.0,1.0,3.0,,,,1.0,1.0,,6.0,3.0,,1.0,,1.0,2.0,1.0,,,,15.0,,,7.0,,60.0,,,,1.0,1.0,,4.0,4.0,1.0,1.0,1.0,3.0,1.0,6.0,1.0,,2.0,7.0,,5.0,6.0,1.0,1.0,7.0,,,
saying,,11.0,,3.0,,2.0,,,,,11.0,,,2.0,,,,1.0,1.0,,,,,,,3.0,,,,,,14.0,,,7.0,,8.0,,,,,,,1.0,3.0,,1.0,,1.0,,9.0,1.0,,,4.0,,1.0,3.0,,,3.0,,,
says,,13.0,,1.0,8.0,4.0,,,,,10.0,,,,1.0,,1.0,1.0,3.0,,,2.0,1.0,,2.0,2.0,,1.0,6.0,,,3.0,,1.0,4.0,,4.0,,,1.0,,,1.0,,,3.0,1.0,,5.0,3.0,23.0,,,,,,5.0,,,,3.0,,,
screen,,1.0,7.0,1.0,,,,,,,1.0,,2.0,,,,1.0,,,,1.0,,,,,,,,1.0,,,2.0,,,22.0,,,,,,,1.0,,,1.0,3.0,,,,,2.0,,,11.0,1.0,,,2.0,3.0,,,,,
search,1.0,,,4.0,,1.0,,,,,3.0,,,,,,1.0,39.0,,,1.0,6.0,1.0,,,,,1.0,1.0,1.0,,,1.0,2.0,4.0,,10.0,8.0,,,,15.0,,2.0,,2.0,1.0,,,2.0,2.0,,,20.0,3.0,,1.0,,,,1.0,,1.0,
second,,8.0,,,,,,,,,7.0,,1.0,1.0,1.0,,1.0,,7.0,,3.0,2.0,,,2.0,1.0,,,2.0,,3.0,2.0,,,14.0,2.0,14.0,,,,1.0,,,1.0,1.0,6.0,6.0,,1.0,1.0,5.0,,,4.0,3.0,,2.0,3.0,,,,,,
see,,18.0,4.0,21.0,39.0,5.0,3.0,,,2.0,23.0,3.0,,1.0,2.0,1.0,4.0,8.0,1.0,1.0,10.0,9.0,2.0,,2.0,4.0,,,26.0,1.0,,18.0,,3.0,33.0,1.0,37.0,1.0,2.0,,1.0,,,3.0,7.0,,4.0,4.0,1.0,,8.0,,1.0,31.0,24.0,,4.0,13.0,,,15.0,,2.0,
seeing,,3.0,,,,2.0,1.0,,,,5.0,,,1.0,,1.0,,,,,,2.0,,,,,,,,,,3.0,,,13.0,,5.0,,,,,1.0,,,4.0,1.0,,,,,,,,1.0,4.0,,,1.0,,,3.0,,,
seem,1.0,4.0,,1.0,,1.0,,,,,5.0,,,1.0,,,1.0,,,,1.0,1.0,,,,1.0,2.0,,1.0,,,3.0,,,2.0,,3.0,,,,,1.0,,,,,,,,1.0,6.0,1.0,2.0,,2.0,,2.0,,,,1.0,,,
seems,,2.0,,5.0,,,,,,,3.0,,2.0,1.0,1.0,,,,,,3.0,2.0,2.0,1.0,,,,,,,,9.0,,2.0,7.0,,3.0,,,,,1.0,,,1.0,1.0,,,,1.0,16.0,,,,3.0,,,1.0,,,2.0,,,
seen,,1.0,1.0,,,,,1.0,,,5.0,1.0,,,,,,,1.0,,2.0,1.0,,,,1.0,,,,2.0,,8.0,,,4.0,,15.0,,1.0,,1.0,,,,4.0,1.0,,,,1.0,3.0,,,3.0,4.0,,2.0,,,,5.0,,,1.0
self,,9.0,,,4.0,2.0,,,,,2.0,1.0,3.0,1.0,5.0,,,,,,,,,,,,,,6.0,,,1.0,,,2.0,,3.0,,6.0,,,,,,,,,,,2.0,1.0,,,2.0,4.0,,,1.0,3.0,,,,,1.0
september,,1.0,,,,2.0,,,,,7.0,,,2.0,,,,,,,,,,,,3.0,,,7.0,,1.0,8.0,,,,1.0,2.0,,,,,3.0,,1.0,1.0,3.0,,6.0,1.0,,10.0,,,2.0,1.0,,1.0,,,,,,,
series,,,,,4.0,4.0,,1.0,,,1.0,,1.0,,1.0,,,,2.0,,1.0,1.0,,,1.0,,,,6.0,,3.0,5.0,,,3.0,1.0,74.0,,,,,,,,1.0,,,,1.0,3.0,1.0,,,,9.0,,1.0,7.0,,,2.0,,,
service,,3.0,,1.0,2.0,,,,,,3.0,,,,,,6.0,,1.0,1.0,2.0,,,,,1.0,,,,2.0,,2.0,,,26.0,,9.0,1.0,,,1.0,,,1.0,1.0,4.0,,,,1.0,27.0,,,4.0,5.0,,,,1.0,,2.0,,,
services,,3.0,,2.0,,1.0,,,,,3.0,,,1.0,,,1.0,7.0,,,,,,,,,,,1.0,,2.0,,,,6.0,,7.0,1.0,1.0,,,,,,1.0,5.0,,,,,13.0,,,6.0,2.0,,2.0,,1.0,,,,,
set,,3.0,3.0,5.0,,,,,,,4.0,,,1.0,1.0,,1.0,1.0,2.0,,4.0,4.0,,,1.0,,2.0,,4.0,,,9.0,1.0,1.0,18.0,,22.0,1.0,,,,,,,3.0,5.0,4.0,,,1.0,1.0,,,4.0,,,9.0,6.0,,1.0,2.0,1.0,1.0,
several,2.0,2.0,1.0,,,1.0,,1.0,,,3.0,,,1.0,,,1.0,1.0,1.0,,3.0,,,,,,,,,1.0,,1.0,,1.0,9.0,,4.0,,,1.0,1.0,,,7.0,,3.0,1.0,2.0,,,4.0,,,1.0,10.0,,3.0,2.0,,,4.0,,,
share,,4.0,,,,1.0,1.0,,,,,1.0,,,,,,3.0,,1.0,,1.0,,,,1.0,,,1.0,,,2.0,,,16.0,,25.0,3.0,,,1.0,,,,6.0,1.0,1.0,,,,4.0,,,28.0,8.0,,,2.0,,,1.0,,,
she,2.0,29.0,,,,,,1.0,4.0,,18.0,7.0,,1.0,1.0,10.0,,,4.0,,2.0,,3.0,1.0,,15.0,,,15.0,,1.0,34.0,1.0,,,6.0,18.0,,,,,,1.0,,9.0,8.0,3.0,,1.0,,5.0,1.0,1.0,,1.0,,13.0,11.0,,,9.0,,2.0,
short,,3.0,1.0,,,2.0,,,1.0,,6.0,1.0,1.0,,1.0,,,2.0,1.0,1.0,3.0,3.0,,,,,,,6.0,,1.0,10.0,10.0,,10.0,,12.0,,,,,,1.0,1.0,1.0,,,21.0,,,5.0,3.0,,,1.0,,,3.0,,1.0,6.0,,,
should,2.0,16.0,,11.0,3.0,3.0,,2.0,,,16.0,1.0,,3.0,1.0,,,2.0,2.0,,6.0,5.0,,,,5.0,2.0,1.0,,1.0,,17.0,,,35.0,,12.0,1.0,,,1.0,1.0,,1.0,6.0,4.0,1.0,1.0,,,28.0,3.0,,2.0,17.0,,2.0,5.0,,,3.0,2.0,1.0,2.0
show,,4.0,1.0,3.0,5.0,4.0,2.0,1.0,,,16.0,3.0,2.0,1.0,1.0,2.0,1.0,3.0,2.0,,,2.0,,,,2.0,,,8.0,,,9.0,,1.0,13.0,1.0,26.0,,,,4.0,,,35.0,3.0,1.0,5.0,,,1.0,2.0,,,4.0,5.0,,5.0,11.0,2.0,,4.0,,,
showing,,,,1.0,,1.0,,,,,3.0,,,1.0,,,,,2.0,,,2.0,,,,,2.0,,,,,3.0,,,8.0,,,,,,,5.0,,,,1.0,1.0,,,,2.0,,,1.0,2.0,,2.0,,,,4.0,,,
shows,2.0,,,1.0,,,,1.0,,,4.0,,3.0,1.0,,,,12.0,1.0,,,2.0,,,,1.0,,,2.0,,,5.0,,,44.0,,8.0,,,,1.0,,,,1.0,1.0,,,,,5.0,1.0,,2.0,2.0,,3.0,2.0,,,3.0,,,
side,,4.0,,,,,,,,,5.0,,,,,,1.0,,3.0,,1.0,7.0,,,1.0,1.0,,,1.0,,1.0,2.0,,,8.0,,8.0,,,,,,,,1.0,,2.0,,,1.0,5.0,,,1.0,1.0,,3.0,6.0,,,,,,1.0
simple,,7.0,,,,1.0,,,,,,1.0,,,,,1.0,2.0,,,,6.0,,,,,,2.0,,1.0,,1.0,,,22.0,,3.0,,,,,,,,1.0,1.0,,1.0,,,1.0,2.0,,6.0,2.0,,2.0,2.0,,1.0,3.0,1.0,,
simply,,11.0,,,,1.0,,,,,5.0,1.0,,,1.0,,,,,,2.0,1.0,,,,,,1.0,,,,1.0,,,7.0,,7.0,1.0,,,,,,,2.0,,,,,,5.0,,,3.0,6.0,,3.0,,,,,,,
since,,5.0,2.0,3.0,,2.0,,1.0,,,13.0,1.0,1.0,,,,,5.0,2.0,,7.0,9.0,,2.0,,,,1.0,2.0,,3.0,8.0,,,35.0,,12.0,,,,2.0,,,4.0,5.0,2.0,1.0,,1.0,2.0,14.0,2.0,,8.0,3.0,,7.0,3.0,,,3.0,,1.0,
single,,6.0,,2.0,,2.0,1.0,,,,2.0,1.0,,,1.0,,1.0,1.0,,,1.0,5.0,,,1.0,,,,1.0,,,2.0,,,10.0,,5.0,,,,,,,,3.0,1.0,1.0,,,,1.0,1.0,,1.0,3.0,,12.0,7.0,,,3.0,,,
site,,2.0,2.0,3.0,,,,1.0,,1.0,1.0,2.0,,1.0,,,4.0,8.0,,,1.0,6.0,3.0,,,,,,3.0,,,4.0,,2.0,45.0,,34.0,2.0,,1.0,,,,,3.0,,1.0,,,3.0,7.0,2.0,,5.0,11.0,,,,,1.0,17.0,2.0,,
small,,2.0,2.0,,,1.0,,,,,7.0,2.0,,1.0,,,1.0,1.0,1.0,,5.0,5.0,,,1.0,1.0,2.0,1.0,,,1.0,2.0,,,15.0,,12.0,,,,,,,1.0,7.0,3.0,,,,,3.0,,,1.0,5.0,,1.0,8.0,,,4.0,,1.0,
so,1.0,75.0,5.0,26.0,1.0,6.0,3.0,,2.0,2.0,38.0,7.0,2.0,5.0,7.0,2.0,7.0,15.0,5.0,3.0,23.0,57.0,9.0,2.0,1.0,4.0,,3.0,6.0,1.0,5.0,56.0,,3.0,121.0,,53.0,1.0,,,,,,9.0,40.0,4.0,2.0,26.0,4.0,1.0,47.0,6.0,2.0,38.0,70.0,,21.0,72.0,2.0,,25.0,1.0,6.0,1.0
social,1.0,1.0,,,,1.0,1.0,,,,5.0,,,,,,,,,1.0,1.0,2.0,,,,,,,12.0,1.0,,3.0,,,1.0,1.0,34.0,4.0,,,4.0,,,,,2.0,,,,,1.0,,,2.0,134.0,1.0,1.0,,,1.0,2.0,,,
some,1.0,28.0,5.0,14.0,,7.0,1.0,1.0,1.0,1.0,31.0,3.0,2.0,9.0,1.0,,3.0,5.0,2.0,,22.0,23.0,1.0,1.0,2.0,3.0,,4.0,5.0,2.0,2.0,35.0,,3.0,75.0,3.0,185.0,,,,6.0,4.0,,6.0,13.0,9.0,9.0,5.0,1.0,1.0,44.0,1.0,1.0,15.0,20.0,1.0,8.0,26.0,,1.0,19.0,1.0,7.0,6.0
someone,,7.0,,,,1.0,2.0,,1.0,1.0,3.0,,,,,,1.0,,2.0,1.0,,1.0,,,1.0,,,,,1.0,,3.0,,1.0,5.0,,42.0,1.0,,2.0,,,1.0,1.0,6.0,,1.0,,,1.0,5.0,,,1.0,14.0,,1.0,16.0,,,4.0,1.0,,
something,,23.0,,6.0,,2.0,1.0,,,1.0,12.0,8.0,,1.0,1.0,1.0,2.0,1.0,2.0,,7.0,11.0,,1.0,,1.0,,1.0,2.0,,,19.0,,,47.0,,51.0,,,,4.0,,,4.0,20.0,2.0,2.0,,,2.0,19.0,,,4.0,10.0,,4.0,30.0,,1.0,14.0,,1.0,1.0
sometimes,,15.0,3.0,1.0,,2.0,,,,,2.0,,,1.0,2.0,,,3.0,,,,5.0,,,,,,,,1.0,,5.0,,,1.0,,31.0,,,,,,,,7.0,,,1.0,,,4.0,,,3.0,8.0,,,2.0,,,4.0,,,
soon,,5.0,,1.0,,1.0,1.0,,,,,1.0,,,2.0,,,1.0,1.0,1.0,1.0,3.0,,1.0,,1.0,1.0,,,,1.0,4.0,,,4.0,,,,2.0,,,,,,1.0,,,,1.0,1.0,1.0,,,2.0,3.0,,1.0,4.0,,,3.0,,,
source,,1.0,1.0,2.0,,3.0,,,2.0,,3.0,,,,,,4.0,,,,,13.0,,,,,,,,,,,,,12.0,,2.0,,,,,,,,1.0,,,1.0,,,3.0,1.0,,1.0,,,2.0,,,,1.0,,,
space,,1.0,,4.0,,,,,,,1.0,,2.0,,2.0,,,,1.0,,,1.0,,,2.0,,,,,,,2.0,,,4.0,,8.0,,,,,,,5.0,1.0,,3.0,1.0,,,,,,,6.0,,1.0,1.0,,,1.0,,,
special,,5.0,,,,1.0,1.0,,,,3.0,2.0,,1.0,,,,1.0,,,,3.0,,,,,,,1.0,,3.0,2.0,,,1.0,,,,,,,,,5.0,2.0,,3.0,,,,7.0,,,1.0,1.0,,1.0,,,,1.0,,,
spent,,2.0,,,,2.0,,,,,6.0,3.0,,,,,,,,,1.0,2.0,,,1.0,,,,1.0,,,4.0,,,3.0,,2.0,,,,,,,,2.0,,,1.0,,,8.0,,,1.0,,,,2.0,,,3.0,,,
star,,1.0,,,,,,,,,6.0,,,,,,,,,2.0,,,,,3.0,,,,3.0,,,,,,,2.0,,,,,,,,,,,,,3.0,,,,,3.0,,,2.0,10.0,,,5.0,,,
start,,11.0,,10.0,,1.0,,1.0,,,2.0,,1.0,1.0,,,1.0,3.0,2.0,1.0,1.0,8.0,3.0,,,,,4.0,,,,5.0,,,19.0,,22.0,,,,1.0,,,1.0,4.0,4.0,,2.0,1.0,,4.0,,,5.0,7.0,,,7.0,,,2.0,,1.0,
started,,2.0,,2.0,1.0,,,1.0,,,5.0,2.0,,,1.0,,,2.0,1.0,,1.0,6.0,,1.0,,,,,,,2.0,6.0,,1.0,24.0,,16.0,,,,3.0,,,5.0,10.0,,1.0,3.0,,,2.0,1.0,,3.0,14.0,,4.0,7.0,,1.0,5.0,1.0,,
starting,,5.0,,3.0,,,,,,,2.0,,,,,,,,2.0,1.0,,5.0,,,,,,,,,,3.0,,,6.0,,2.0,,,,,1.0,,1.0,3.0,,,1.0,,,4.0,1.0,,5.0,,,,1.0,,1.0,1.0,2.0,,
state,1.0,,,,,2.0,1.0,2.0,,,25.0,,,1.0,,,,2.0,3.0,,,,,,,,,,,,1.0,1.0,,,8.0,,,,,,,,,,,2.0,,,,,11.0,,6.0,3.0,1.0,,9.0,1.0,,1.0,,1.0,,
states,1.0,,,,4.0,2.0,,1.0,,,18.0,,,,,,,,,,1.0,,,,,,,,2.0,,1.0,,,,6.0,,,,1.0,,,,,,,,,,,,9.0,,2.0,4.0,,,6.0,,,1.0,5.0,,1.0,
stay,,6.0,,,,1.0,,,,,2.0,,,2.0,,,,,,,,,,,,,,,,,,2.0,,,2.0,1.0,1.0,1.0,,,,,,,6.0,,1.0,,1.0,,4.0,,,5.0,3.0,,1.0,4.0,,,,,,
still,1.0,20.0,,3.0,4.0,1.0,1.0,1.0,,,23.0,4.0,1.0,1.0,,,,9.0,,,4.0,9.0,1.0,,,1.0,,,1.0,1.0,,18.0,,,43.0,,10.0,,,1.0,1.0,,,1.0,10.0,,2.0,,3.0,1.0,17.0,2.0,,1.0,14.0,,8.0,12.0,,1.0,7.0,1.0,,
stop,,11.0,1.0,4.0,3.0,2.0,2.0,,,,3.0,,,1.0,1.0,,,1.0,,,1.0,3.0,,,1.0,1.0,,1.0,,,,,,,3.0,,3.0,,,,,,,1.0,1.0,,,,,,3.0,,,,2.0,,3.0,3.0,,,6.0,,1.0,
stories,3.0,2.0,,,,,,,,,3.0,1.0,,,1.0,,,,3.0,,1.0,,,,,,,,1.0,,,27.0,,,3.0,,11.0,,,1.0,,,,,1.0,,1.0,,,,3.0,,,7.0,3.0,,1.0,1.0,,,,,,
story,2.0,6.0,,,,2.0,1.0,4.0,1.0,1.0,12.0,3.0,,1.0,,,,,,,,2.0,,,,,,,5.0,,,13.0,2.0,1.0,4.0,,11.0,,1.0,,,,,,22.0,15.0,,,1.0,,35.0,3.0,,4.0,2.0,,21.0,13.0,,,4.0,,,1.0
stuff,,27.0,,1.0,,1.0,,,,,,1.0,,,1.0,,1.0,,1.0,,2.0,4.0,1.0,,,,,4.0,1.0,,,11.0,,,8.0,,9.0,,,,,,,1.0,5.0,,,,,,7.0,,,1.0,3.0,,,13.0,2.0,,3.0,,,1.0
such,,6.0,,,,4.0,1.0,,,,5.0,,,1.0,,,,,,,3.0,2.0,,,,1.0,,,1.0,1.0,,8.0,,,16.0,,5.0,,,1.0,,,,4.0,2.0,2.0,1.0,1.0,,,20.0,,,1.0,8.0,,5.0,,,,6.0,,,
summer,,1.0,,,,,,,,,2.0,1.0,,,1.0,,,1.0,2.0,1.0,,,,,,,,,1.0,,,2.0,,,3.0,,3.0,,,,,,,,1.0,1.0,,,,,,,1.0,3.0,2.0,,3.0,5.0,,,2.0,,,
super,,2.0,,,3.0,4.0,,,,,,,,,,,,,1.0,,,4.0,,1.0,1.0,,,,2.0,,,,,2.0,2.0,,2.0,,,,,,,1.0,1.0,,1.0,,,,2.0,,,,1.0,,5.0,6.0,,,2.0,,,
support,,3.0,1.0,1.0,,2.0,,,,,15.0,,1.0,2.0,,,,2.0,,,,1.0,1.0,,1.0,1.0,,3.0,,1.0,,4.0,,,21.0,,6.0,,,,1.0,,,,5.0,3.0,1.0,,1.0,,8.0,2.0,,3.0,2.0,,2.0,,,,2.0,3.0,,1.0
sure,,10.0,1.0,13.0,,1.0,,,,,23.0,1.0,2.0,1.0,1.0,1.0,,,1.0,1.0,3.0,6.0,2.0,,1.0,,2.0,,,,,7.0,,,20.0,,3.0,,1.0,,,1.0,,1.0,2.0,,,,,1.0,9.0,,1.0,7.0,11.0,,2.0,7.0,,,3.0,,2.0,
system,,4.0,,5.0,4.0,2.0,,3.0,,,2.0,,2.0,1.0,2.0,,,,,,1.0,14.0,,,1.0,3.0,,,,,1.0,,1.0,,20.0,,5.0,1.0,,2.0,,,2.0,,,7.0,1.0,,,,11.0,1.0,,3.0,,,2.0,,,,,,,
take,1.0,10.0,1.0,3.0,1.0,5.0,,1.0,,,9.0,1.0,1.0,1.0,1.0,,1.0,,1.0,,3.0,6.0,,1.0,,4.0,1.0,1.0,6.0,1.0,2.0,10.0,,1.0,22.0,1.0,37.0,,,3.0,,,2.0,2.0,8.0,1.0,1.0,2.0,1.0,,10.0,1.0,1.0,12.0,7.0,,2.0,7.0,,,7.0,1.0,1.0,2.0
taken,,,,1.0,,2.0,,,,,3.0,,,,,1.0,,,1.0,,3.0,2.0,,,,1.0,,,1.0,,,2.0,,,2.0,,2.0,,,,,,,,,1.0,,,,,4.0,,,2.0,,,2.0,1.0,,,2.0,,,
takes,,4.0,,3.0,,1.0,,,1.0,,3.0,,1.0,,,,,,1.0,,,,,,,,,1.0,,,,1.0,1.0,,4.0,,9.0,,,1.0,,,,,3.0,1.0,4.0,1.0,,,4.0,1.0,,2.0,1.0,,3.0,3.0,,,4.0,,,
taking,,1.0,,2.0,,,,,,,5.0,1.0,1.0,,,,,,,,1.0,1.0,,,,,,1.0,3.0,1.0,,3.0,,,9.0,2.0,10.0,,1.0,,,,1.0,1.0,1.0,,,,,,8.0,1.0,1.0,3.0,4.0,,3.0,1.0,,,5.0,,,
talk,3.0,22.0,1.0,,,,,1.0,2.0,1.0,2.0,3.0,,1.0,,,,1.0,,,3.0,,,1.0,,,,2.0,3.0,2.0,,8.0,,,3.0,,31.0,,,1.0,1.0,,,1.0,6.0,,2.0,,1.0,2.0,5.0,2.0,,1.0,2.0,,1.0,1.0,,1.0,6.0,,3.0,
talking,,4.0,,,,3.0,1.0,,,,11.0,1.0,,,1.0,,,,,,,,1.0,,,,,,,1.0,,14.0,,,6.0,,17.0,,,,,,,1.0,,,,,,,5.0,,,,4.0,,2.0,2.0,,,3.0,,,
team,,2.0,,,,,,,,,4.0,,1.0,,2.0,,,,,,3.0,12.0,1.0,,2.0,,,,2.0,1.0,,3.0,,,22.0,,24.0,,2.0,1.0,,,,3.0,18.0,,1.0,,4.0,1.0,4.0,,,14.0,5.0,,,,,,,,1.0,
tell,,17.0,,,,,1.0,,,,3.0,,,,,,,3.0,2.0,,,3.0,,,,1.0,,1.0,,2.0,,6.0,,,13.0,,26.0,,,,1.0,,,2.0,4.0,,1.0,,1.0,,2.0,,,3.0,11.0,,1.0,8.0,,2.0,2.0,,,
ten,,2.0,,,,1.0,,,,,,,,,,,1.0,,,2.0,,1.0,2.0,1.0,1.0,1.0,,,,,,3.0,,,2.0,,3.0,,,,,1.0,,,4.0,,,,,,1.0,,,,2.0,,1.0,6.0,,,2.0,,,1.0
text,1.0,4.0,10.0,2.0,,2.0,3.0,,,,,,,1.0,,,1.0,9.0,,,,1.0,,,,,,,,1.0,,5.0,,2.0,,,1.0,,,,,,,,1.0,1.0,,,,,,,,,,2.0,2.0,1.0,1.0,,4.0,1.0,,
th,,1.0,,,,3.0,,,,,15.0,,3.0,,,,,,4.0,,,2.0,,,,,,,,1.0,2.0,13.0,,,,1.0,4.0,,,,1.0,1.0,,2.0,,,1.0,4.0,,1.0,6.0,,2.0,1.0,9.0,,,1.0,,3.0,4.0,1.0,,
than,1.0,36.0,6.0,6.0,4.0,6.0,,2.0,1.0,,27.0,2.0,2.0,2.0,2.0,1.0,1.0,5.0,2.0,2.0,4.0,15.0,1.0,,1.0,2.0,4.0,4.0,,,2.0,14.0,,,42.0,1.0,24.0,,,1.0,,,2.0,2.0,19.0,8.0,1.0,4.0,1.0,3.0,28.0,4.0,2.0,21.0,9.0,,20.0,13.0,,3.0,18.0,,1.0,
thanks,,13.0,,1.0,1.0,1.0,,,,1.0,5.0,,,,1.0,,1.0,7.0,1.0,,2.0,1.0,,,1.0,,,,,1.0,1.0,,,,4.0,,12.0,,,,2.0,,,,2.0,,,,,,5.0,,,2.0,2.0,,,,,,1.0,,,
their,1.0,19.0,3.0,3.0,1.0,11.0,,6.0,2.0,,47.0,4.0,5.0,7.0,1.0,,4.0,3.0,3.0,3.0,13.0,21.0,,,3.0,6.0,1.0,4.0,5.0,1.0,2.0,23.0,2.0,1.0,36.0,,40.0,1.0,2.0,,,4.0,,8.0,25.0,9.0,3.0,3.0,1.0,2.0,46.0,7.0,1.0,38.0,72.0,,33.0,4.0,,,28.0,,,
them,1.0,22.0,2.0,7.0,,8.0,3.0,,1.0,,39.0,2.0,1.0,6.0,2.0,,4.0,5.0,5.0,1.0,7.0,24.0,1.0,1.0,2.0,5.0,,2.0,2.0,2.0,1.0,34.0,,,41.0,,154.0,1.0,,3.0,,1.0,,1.0,24.0,4.0,3.0,1.0,1.0,1.0,30.0,,,10.0,50.0,,7.0,21.0,1.0,3.0,15.0,2.0,1.0,3.0
then,3.0,25.0,1.0,38.0,,1.0,2.0,,,,17.0,7.0,1.0,,1.0,,3.0,5.0,2.0,,16.0,8.0,,,2.0,,,1.0,2.0,,,17.0,1.0,,53.0,,62.0,,,,2.0,,,4.0,4.0,5.0,2.0,,,,13.0,7.0,,6.0,22.0,,1.0,9.0,,,12.0,,1.0,
there,,33.0,5.0,23.0,1.0,8.0,1.0,,4.0,2.0,38.0,7.0,2.0,12.0,4.0,,5.0,10.0,3.0,6.0,19.0,22.0,,3.0,4.0,7.0,,4.0,7.0,,1.0,52.0,1.0,,101.0,1.0,200.0,,,3.0,4.0,,,6.0,31.0,10.0,1.0,2.0,1.0,2.0,40.0,3.0,,22.0,41.0,,8.0,27.0,,3.0,17.0,,6.0,2.0
these,,24.0,3.0,,,4.0,1.0,,1.0,1.0,11.0,2.0,1.0,2.0,3.0,,1.0,2.0,3.0,1.0,1.0,9.0,,,,,1.0,1.0,1.0,1.0,2.0,14.0,1.0,,34.0,,38.0,,1.0,2.0,1.0,,1.0,,12.0,2.0,1.0,1.0,,,20.0,5.0,,28.0,26.0,,2.0,5.0,1.0,,12.0,1.0,1.0,2.0
they,2.0,48.0,1.0,6.0,,17.0,3.0,2.0,1.0,,74.0,6.0,5.0,12.0,3.0,,7.0,6.0,9.0,4.0,26.0,74.0,,,,11.0,8.0,8.0,4.0,1.0,,71.0,1.0,1.0,76.0,1.0,170.0,1.0,1.0,6.0,,2.0,2.0,10.0,44.0,16.0,,2.0,3.0,5.0,88.0,8.0,2.0,21.0,90.0,,25.0,27.0,1.0,2.0,31.0,,5.0,1.0
thing,,33.0,,2.0,,3.0,,,,,9.0,4.0,,2.0,,1.0,1.0,1.0,3.0,,3.0,7.0,,,1.0,,,,5.0,,2.0,21.0,1.0,,17.0,,67.0,,,,3.0,,,,7.0,2.0,,,,,5.0,1.0,1.0,3.0,13.0,,2.0,35.0,,,5.0,,6.0,
things,,55.0,1.0,3.0,,4.0,1.0,,1.0,1.0,3.0,1.0,2.0,3.0,2.0,,1.0,3.0,4.0,,5.0,15.0,2.0,1.0,2.0,1.0,6.0,2.0,,,,51.0,1.0,,28.0,,93.0,,1.0,,,,,1.0,13.0,3.0,1.0,,1.0,,17.0,3.0,,10.0,6.0,,2.0,32.0,,,9.0,,1.0,1.0
think,3.0,31.0,3.0,1.0,,3.0,2.0,,,,10.0,4.0,,3.0,3.0,,,1.0,1.0,,3.0,10.0,2.0,,,6.0,2.0,5.0,1.0,,1.0,14.0,,1.0,23.0,,69.0,,,,,,,1.0,8.0,2.0,2.0,20.0,,,11.0,1.0,,1.0,30.0,,3.0,16.0,,,7.0,,2.0,1.0
thinking,,5.0,,1.0,,4.0,,,,,2.0,1.0,,,,1.0,1.0,,,,1.0,1.0,,,1.0,,,,,,,4.0,,,11.0,,7.0,,,,1.0,,,,2.0,,,,,,1.0,,,1.0,4.0,,1.0,2.0,,,2.0,,,
those,1.0,27.0,1.0,5.0,,,2.0,,,,22.0,1.0,,3.0,2.0,,3.0,1.0,1.0,,2.0,13.0,,,,1.0,,2.0,2.0,,3.0,5.0,,,14.0,,100.0,,,,,1.0,,,4.0,1.0,2.0,,,1.0,21.0,2.0,1.0,5.0,10.0,,7.0,21.0,,,4.0,,,
though,1.0,2.0,,4.0,,1.0,,,,,5.0,,1.0,,,,3.0,,,,1.0,7.0,,,,,,1.0,2.0,,,8.0,,,25.0,1.0,6.0,1.0,,,,,,,,2.0,,1.0,,,4.0,1.0,1.0,1.0,5.0,,4.0,13.0,,,2.0,,1.0,1.0
thought,,10.0,3.0,,3.0,1.0,,,,,1.0,1.0,,4.0,,,,,1.0,,,6.0,,3.0,,,,,,,,11.0,,,17.0,1.0,7.0,,,,2.0,,1.0,2.0,1.0,1.0,,,,,3.0,2.0,,1.0,11.0,,1.0,13.0,,,3.0,2.0,,
thousands,,2.0,,,,1.0,,,,,3.0,,,,,,,,,,,2.0,,,,,,,1.0,,2.0,5.0,,,1.0,,5.0,,,,,,,2.0,,,,,,,2.0,2.0,,3.0,,,,,,,3.0,,,
three,1.0,3.0,1.0,,4.0,2.0,1.0,,,1.0,10.0,4.0,1.0,,1.0,,,,,,1.0,8.0,,,1.0,,,,6.0,1.0,1.0,16.0,1.0,,9.0,1.0,23.0,,1.0,2.0,,,,1.0,7.0,2.0,,,,1.0,16.0,1.0,1.0,3.0,3.0,,6.0,6.0,,,,,4.0,
through,,7.0,1.0,1.0,3.0,4.0,,1.0,,,13.0,1.0,,2.0,2.0,,1.0,1.0,,,2.0,2.0,,1.0,,,1.0,1.0,2.0,1.0,1.0,12.0,2.0,,27.0,,29.0,,1.0,,,1.0,,2.0,8.0,2.0,,3.0,,,16.0,4.0,,24.0,4.0,,7.0,7.0,,1.0,10.0,,,2.0
time,,46.0,,13.0,4.0,14.0,2.0,1.0,1.0,3.0,23.0,4.0,2.0,5.0,4.0,,4.0,5.0,8.0,1.0,23.0,12.0,,,4.0,3.0,1.0,2.0,5.0,1.0,1.0,39.0,,1.0,78.0,2.0,159.0,,1.0,,,,,3.0,19.0,1.0,4.0,21.0,2.0,2.0,26.0,6.0,1.0,21.0,25.0,4.0,10.0,33.0,3.0,6.0,25.0,,1.0,3.0
times,8.0,3.0,,1.0,,1.0,,,1.0,,7.0,1.0,1.0,,1.0,1.0,1.0,,,1.0,3.0,1.0,,1.0,,,,,1.0,,2.0,2.0,,,19.0,,59.0,,,,,,,2.0,1.0,3.0,1.0,,,,6.0,1.0,,3.0,1.0,,2.0,2.0,,,8.0,,2.0,
today,,13.0,,,1.0,6.0,2.0,2.0,3.0,,18.0,2.0,7.0,5.0,5.0,,1.0,2.0,9.0,,3.0,10.0,,,4.0,6.0,,7.0,2.0,1.0,,6.0,,2.0,2.0,,78.0,1.0,,,1.0,4.0,,19.0,7.0,3.0,,8.0,,4.0,9.0,1.0,,32.0,4.0,,,8.0,1.0,,4.0,2.0,,
together,,3.0,,,,3.0,1.0,,,1.0,7.0,1.0,,,,,1.0,2.0,,,2.0,3.0,,,,1.0,,,2.0,,,9.0,,,4.0,2.0,11.0,,,,1.0,,,7.0,5.0,,1.0,,,1.0,6.0,,,6.0,4.0,,1.0,7.0,,,3.0,1.0,,
told,,6.0,,,,1.0,,1.0,,,4.0,,,,1.0,,,,4.0,,2.0,2.0,,,,1.0,,,5.0,,,15.0,,,2.0,,4.0,,,,,1.0,,3.0,2.0,4.0,,,,1.0,8.0,1.0,,1.0,3.0,,11.0,9.0,,,5.0,,,1.0
too,,14.0,2.0,3.0,,3.0,1.0,1.0,,1.0,20.0,2.0,1.0,2.0,,1.0,2.0,,,2.0,5.0,7.0,,,1.0,1.0,,1.0,,1.0,,18.0,,4.0,29.0,1.0,17.0,,,,3.0,,,,7.0,2.0,2.0,,,,3.0,1.0,,5.0,6.0,,2.0,10.0,,,6.0,1.0,1.0,1.0
took,,2.0,,1.0,1.0,3.0,1.0,,,,4.0,3.0,,,,,1.0,,1.0,,6.0,2.0,,1.0,,3.0,,,5.0,1.0,1.0,5.0,,,6.0,,4.0,,,,,,,1.0,6.0,,,1.0,,,5.0,1.0,,1.0,8.0,,3.0,1.0,1.0,2.0,2.0,,,1.0
tool,,3.0,,23.0,,5.0,,,,,,,,,,,,,,,,1.0,,,,,,,,,,,,,11.0,,7.0,,,,,,,,2.0,,3.0,,,,6.0,,,1.0,6.0,,2.0,,,,,,1.0,
tools,,5.0,2.0,5.0,,4.0,,,,,1.0,,,,,,,,,,2.0,8.0,,,,,,1.0,,,,,1.0,1.0,11.0,,19.0,,,1.0,,,,,2.0,,,,,2.0,,,,2.0,7.0,,1.0,,,,,,,
top,,2.0,2.0,9.0,,3.0,,,,,9.0,2.0,,,,1.0,1.0,2.0,4.0,,4.0,4.0,3.0,,2.0,1.0,,,,,,5.0,,,11.0,,6.0,5.0,,,,,,2.0,3.0,1.0,2.0,,,,3.0,,,12.0,4.0,,6.0,2.0,,,4.0,,,
tried,1.0,2.0,1.0,8.0,3.0,1.0,,,2.0,,1.0,,,,,,,1.0,1.0,,1.0,3.0,1.0,,,3.0,,,,1.0,,3.0,,,2.0,,6.0,,,,,,,,,,,1.0,,,1.0,,,,1.0,,1.0,4.0,,,1.0,,,
true,,9.0,,,,4.0,,,2.0,,1.0,1.0,,1.0,,,1.0,,,,,1.0,1.0,,,,,1.0,,,,2.0,,,13.0,,7.0,,,,,,,,26.0,,,,,,6.0,,,2.0,1.0,,8.0,4.0,,,,,,
trump,10.0,,,,4.0,4.0,5.0,,,,143.0,,,2.0,3.0,,,,10.0,,,,2.0,,,26.0,,,16.0,,,,,,,1.0,,,,,,,,,,1.0,,,,,,,,,,2.0,36.0,,,1.0,1.0,,,
try,,18.0,,13.0,,1.0,,,,,3.0,1.0,,2.0,2.0,,,1.0,1.0,1.0,4.0,4.0,,,,,,2.0,,1.0,,3.0,,1.0,13.0,,18.0,1.0,1.0,,,,,,9.0,1.0,,,,1.0,4.0,,,3.0,4.0,,2.0,4.0,,,1.0,,1.0,1.0
trying,1.0,10.0,1.0,6.0,,,1.0,,1.0,1.0,7.0,,1.0,1.0,2.0,,,,1.0,,3.0,7.0,,,,,,1.0,,1.0,,7.0,,,11.0,,16.0,,,,,,,1.0,2.0,,,,1.0,,11.0,,,,7.0,,2.0,5.0,,,3.0,,,
turn,,5.0,,,,,,2.0,,,5.0,,,1.0,,,,2.0,,,4.0,1.0,,,,,,,,,,1.0,,,14.0,,10.0,,,,,,1.0,,1.0,1.0,,,,1.0,4.0,,,3.0,2.0,,2.0,2.0,1.0,1.0,1.0,,,
turned,,3.0,,,,2.0,,1.0,,,,2.0,,,,,1.0,,,,,,,,,,,,,,1.0,2.0,,,7.0,,8.0,,,,,,,,4.0,,,,1.0,,5.0,,,1.0,1.0,,2.0,6.0,1.0,,3.0,,,
tv,,4.0,,2.0,1.0,,1.0,,,,3.0,,1.0,,,,,2.0,,,,,1.0,,,,1.0,,6.0,,,8.0,,,5.0,1.0,,,5.0,,,,,,,3.0,2.0,,1.0,,1.0,1.0,,5.0,1.0,,1.0,5.0,,,7.0,,,1.0
twitter,,4.0,,,,3.0,,,,2.0,4.0,1.0,2.0,2.0,1.0,,,1.0,4.0,,1.0,2.0,,,1.0,3.0,,2.0,12.0,,,6.0,,4.0,52.0,3.0,7.0,,1.0,,3.0,3.0,,,13.0,4.0,,,1.0,,16.0,,,1.0,71.0,2.0,2.0,3.0,1.0,,1.0,,,1.0
two,,10.0,1.0,4.0,1.0,11.0,3.0,,4.0,,23.0,9.0,2.0,,1.0,1.0,3.0,3.0,1.0,3.0,6.0,8.0,,,1.0,,,1.0,3.0,,3.0,21.0,,,30.0,1.0,34.0,,,1.0,1.0,,,1.0,9.0,2.0,,1.0,3.0,,21.0,1.0,,10.0,8.0,,16.0,4.0,,,10.0,,1.0,
type,,6.0,1.0,5.0,,,,,,,3.0,,,,1.0,,1.0,,,,1.0,2.0,,,,,,,,,2.0,1.0,,,20.0,,27.0,,,1.0,,,,,,1.0,,,,,1.0,,,2.0,,,2.0,,,,4.0,,,
u,1.0,,,,,2.0,,,,,12.0,,,,,,,,1.0,,,,,,,4.0,,2.0,8.0,,,,,,,,,,2.0,,,,,,2.0,6.0,3.0,,1.0,3.0,14.0,3.0,2.0,12.0,,,5.0,1.0,,,1.0,,1.0,
under,2.0,20.0,,1.0,39.0,,,1.0,,,8.0,1.0,,2.0,,,,,,,,1.0,,,1.0,3.0,,,1.0,,,2.0,,,3.0,,2.0,,,,,,,,1.0,2.0,1.0,,,,11.0,2.0,,1.0,1.0,,14.0,1.0,,1.0,2.0,,,
understand,,14.0,1.0,,,,,,,,2.0,,,,,,,1.0,1.0,,1.0,2.0,,,,,,,,,,1.0,,3.0,4.0,,4.0,,,,,,,,1.0,,1.0,,,,6.0,1.0,,3.0,13.0,,,2.0,,,,,,
until,,15.0,,1.0,,2.0,,,,,14.0,,,2.0,,,,2.0,,,4.0,2.0,,,,2.0,,,1.0,,1.0,5.0,1.0,,14.0,,7.0,,,,,,,,3.0,1.0,1.0,,,,2.0,,1.0,3.0,,,2.0,11.0,,1.0,3.0,,,
up,5.0,45.0,1.0,20.0,9.0,9.0,,1.0,2.0,1.0,37.0,11.0,4.0,9.0,7.0,1.0,3.0,1.0,11.0,1.0,24.0,37.0,,,5.0,7.0,,4.0,10.0,,2.0,43.0,1.0,4.0,112.0,3.0,101.0,,,1.0,3.0,,,2.0,27.0,5.0,13.0,6.0,6.0,3.0,36.0,7.0,,26.0,24.0,,9.0,43.0,,1.0,17.0,,,2.0
update,,4.0,,,,2.0,,,,2.0,,1.0,,,1.0,,,2.0,4.0,,,1.0,,,3.0,,,1.0,,1.0,,,,,19.0,,2.0,,,,,3.0,,,,3.0,,,1.0,,1.0,1.0,,2.0,2.0,,,,,,7.0,,,
us,,21.0,,,3.0,4.0,2.0,3.0,,,14.0,4.0,,4.0,5.0,1.0,1.0,1.0,4.0,,28.0,14.0,,1.0,3.0,2.0,,,3.0,,,46.0,,,13.0,,56.0,1.0,,2.0,3.0,1.0,,19.0,10.0,,2.0,,1.0,1.0,33.0,3.0,,15.0,16.0,,6.0,8.0,,4.0,7.0,,,2.0
use,1.0,11.0,12.0,22.0,40.0,4.0,,1.0,,,2.0,,1.0,,2.0,,3.0,17.0,,1.0,10.0,13.0,,1.0,,,1.0,2.0,1.0,,,10.0,,1.0,99.0,,53.0,1.0,,2.0,,1.0,,,11.0,6.0,,1.0,,2.0,34.0,1.0,,10.0,20.0,,3.0,7.0,,1.0,3.0,1.0,3.0,
used,1.0,6.0,2.0,5.0,,1.0,,,2.0,,10.0,1.0,2.0,2.0,,,2.0,3.0,1.0,1.0,1.0,6.0,1.0,1.0,,2.0,,,1.0,,1.0,5.0,2.0,,40.0,,11.0,1.0,,,,,,1.0,4.0,5.0,,,,,15.0,,,2.0,1.0,,2.0,2.0,,,4.0,1.0,,
user,,,,1.0,,,,,,2.0,,,,,,,2.0,5.0,,,,5.0,,,,,,,,,,,1.0,,27.0,,1.0,,,,3.0,1.0,,,1.0,3.0,,,,,5.0,,,2.0,4.0,,,,,,,,,1.0
users,,5.0,1.0,,,1.0,1.0,,,5.0,,,,,,,,7.0,,,2.0,14.0,,1.0,,,,,1.0,,,,,,20.0,,3.0,,,,,1.0,,1.0,2.0,13.0,,,,1.0,8.0,,,,10.0,2.0,,,,,,,,
using,,8.0,5.0,18.0,,1.0,,,,,2.0,1.0,1.0,,,,4.0,2.0,,,4.0,15.0,,1.0,,1.0,,1.0,3.0,,,7.0,,2.0,53.0,,16.0,,,,2.0,,,1.0,9.0,2.0,4.0,,1.0,1.0,12.0,,,6.0,31.0,,2.0,3.0,,,2.0,,,
value,,3.0,2.0,5.0,,,,,,,,,,,,,,,,,7.0,5.0,,,,,,,1.0,,,,,,6.0,,7.0,,,,,,2.0,2.0,1.0,,,1.0,,,2.0,,,,11.0,,,,,,,,,1.0
ve,,40.0,3.0,19.0,,4.0,4.0,,,3.0,25.0,11.0,2.0,3.0,,1.0,4.0,4.0,1.0,,7.0,4.0,1.0,,1.0,1.0,2.0,3.0,1.0,4.0,,31.0,,2.0,25.0,,177.0,,,1.0,7.0,2.0,,1.0,26.0,,2.0,29.0,,1.0,17.0,3.0,1.0,16.0,20.0,,2.0,29.0,,,13.0,5.0,5.0,3.0
version,,3.0,,13.0,1.0,1.0,,,,,1.0,,1.0,,,,,3.0,,,,13.0,,,,1.0,,,3.0,,1.0,6.0,,1.0,15.0,,4.0,,,,,,,,2.0,2.0,,2.0,,1.0,5.0,,,1.0,,,1.0,2.0,,2.0,3.0,1.0,,
very,,29.0,1.0,2.0,,,,,,1.0,24.0,1.0,,2.0,4.0,1.0,1.0,2.0,3.0,,16.0,9.0,,,3.0,2.0,2.0,,2.0,,1.0,26.0,,,30.0,,47.0,2.0,,,2.0,,,1.0,1.0,3.0,,1.0,,,18.0,1.0,2.0,2.0,25.0,,5.0,11.0,,2.0,15.0,,1.0,1.0
via,,1.0,,2.0,,7.0,,,,,3.0,,,,1.0,,2.0,4.0,,,1.0,,,3.0,,,2.0,,1.0,,,3.0,,,21.0,,1.0,,,,,,1.0,,2.0,,,,,,3.0,,,4.0,9.0,,,,,,13.0,,,
video,1.0,14.0,,1.0,1.0,7.0,,,,,4.0,,1.0,1.0,1.0,,,8.0,3.0,,,,,,5.0,1.0,,2.0,6.0,1.0,1.0,1.0,,,64.0,,39.0,,1.0,1.0,1.0,1.0,,1.0,6.0,4.0,15.0,2.0,4.0,2.0,,,,17.0,,1.0,4.0,,3.0,,31.0,1.0,5.0,
videos,,,,,6.0,2.0,,,,,,,3.0,,,,,2.0,1.0,,2.0,,,,1.0,,,,4.0,,,,,,14.0,1.0,21.0,1.0,,,,,,,2.0,2.0,4.0,1.0,,,,,,6.0,,,7.0,,,,2.0,,,
view,,4.0,,9.0,,,,,1.0,,4.0,,,,,,2.0,,,,1.0,3.0,,,,,,,,,1.0,17.0,,,7.0,,14.0,1.0,,,,,,,2.0,,1.0,,,,2.0,2.0,,22.0,5.0,,2.0,1.0,,,1.0,,1.0,
visit,,4.0,,1.0,,,,,,,,1.0,,,,10.0,,2.0,,,2.0,7.0,,1.0,,,,,1.0,1.0,,2.0,,,3.0,,2.0,,,,,,,1.0,,2.0,,,,,,,,7.0,,,1.0,,,,,,,
voice,2.0,4.0,,,,,,,,,2.0,,,,1.0,,,4.0,,,,,,,,,,,,,,1.0,,,28.0,1.0,3.0,,1.0,,,,,,,3.0,4.0,,,1.0,,1.0,,2.0,2.0,,2.0,5.0,,,1.0,,,
want,2.0,26.0,3.0,12.0,,3.0,3.0,,,1.0,15.0,1.0,1.0,3.0,3.0,,2.0,4.0,2.0,1.0,3.0,28.0,,,1.0,2.0,,5.0,1.0,,1.0,16.0,,1.0,50.0,1.0,147.0,2.0,,,,,,1.0,11.0,7.0,1.0,3.0,,,12.0,1.0,,22.0,34.0,,3.0,20.0,,1.0,4.0,,1.0,
wanted,,5.0,,1.0,,1.0,,1.0,,,,,,,,,,,2.0,,,4.0,,,,,,,,1.0,,13.0,,1.0,30.0,,11.0,,,,1.0,,,1.0,5.0,,,,1.0,,3.0,1.0,,5.0,13.0,,2.0,13.0,,,3.0,,,
wasn,1.0,2.0,,2.0,,3.0,,,,,5.0,1.0,1.0,5.0,,1.0,,,1.0,,2.0,1.0,,,,,,,4.0,,,13.0,,,6.0,1.0,5.0,,,,,,1.0,,3.0,1.0,,,,,8.0,,,,8.0,,,10.0,,,,1.0,,
watch,,6.0,,,4.0,3.0,1.0,,,,3.0,1.0,,1.0,6.0,,,,1.0,,1.0,2.0,,,,,,,3.0,1.0,,6.0,,,3.0,,8.0,,,1.0,,,,,4.0,,102.0,,,,2.0,,,3.0,,,3.0,8.0,,1.0,6.0,,,1.0
way,,36.0,3.0,14.0,4.0,4.0,,,3.0,,12.0,,2.0,1.0,6.0,,1.0,2.0,,,13.0,20.0,,1.0,,2.0,2.0,4.0,,1.0,,18.0,1.0,1.0,41.0,,43.0,4.0,1.0,,2.0,,,,16.0,2.0,2.0,,1.0,,20.0,,,13.0,28.0,,9.0,21.0,,,12.0,3.0,1.0,1.0
ways,,5.0,1.0,2.0,,,,,,,3.0,1.0,1.0,1.0,1.0,,,,,,,1.0,,1.0,1.0,,6.0,,,,,6.0,,,4.0,,15.0,,1.0,,,,,,5.0,,,22.0,,,2.0,,,7.0,6.0,,1.0,2.0,,,5.0,,,1.0
web,,10.0,4.0,1.0,,1.0,,,1.0,1.0,,1.0,,,,,4.0,15.0,,,,10.0,1.0,,,,,,,3.0,,1.0,,,23.0,,1.0,,,,3.0,1.0,,,,3.0,,,,,1.0,,,7.0,1.0,,,,,,5.0,3.0,,
website,,1.0,,1.0,,,,,,,,,,1.0,,10.0,1.0,2.0,,,,4.0,,,,,,,,,,2.0,,,69.0,,3.0,1.0,,,,,,,,2.0,3.0,,,,3.0,,,2.0,3.0,1.0,1.0,,,,3.0,,,
week,3.0,11.0,,,2.0,2.0,1.0,1.0,3.0,,19.0,3.0,2.0,,,,,1.0,9.0,,4.0,,,,,,,1.0,1.0,,1.0,15.0,,1.0,21.0,,28.0,,3.0,,1.0,2.0,,,4.0,3.0,,2.0,,,14.0,1.0,,11.0,7.0,1.0,6.0,7.0,,2.0,4.0,1.0,1.0,
weeks,,1.0,,,,1.0,,,2.0,,5.0,2.0,1.0,,,,,,1.0,,2.0,,,,,,,,,,,7.0,,,6.0,,19.0,,1.0,1.0,,1.0,,,5.0,,,1.0,,,9.0,,,5.0,5.0,,2.0,3.0,,,1.0,,,
well,1.0,24.0,4.0,5.0,,5.0,,1.0,1.0,,20.0,2.0,1.0,1.0,2.0,3.0,2.0,5.0,3.0,,7.0,11.0,,,2.0,,,1.0,3.0,,1.0,14.0,,2.0,39.0,1.0,159.0,1.0,1.0,2.0,3.0,2.0,,5.0,7.0,3.0,,,,3.0,21.0,1.0,,4.0,14.0,,3.0,6.0,,1.0,6.0,1.0,,
went,,2.0,,,,1.0,,,,,6.0,3.0,,,,,1.0,,2.0,,6.0,4.0,,,,1.0,,,1.0,1.0,,19.0,,,7.0,1.0,10.0,,,,1.0,,,,3.0,2.0,2.0,,1.0,,6.0,1.0,,2.0,7.0,,2.0,7.0,,,3.0,,1.0,
were,,16.0,3.0,7.0,,5.0,4.0,,,2.0,41.0,2.0,,3.0,1.0,,1.0,3.0,2.0,3.0,24.0,11.0,,2.0,1.0,2.0,,,4.0,,1.0,58.0,1.0,1.0,39.0,3.0,26.0,,1.0,2.0,,,,4.0,9.0,4.0,,1.0,1.0,2.0,26.0,1.0,7.0,6.0,33.0,1.0,15.0,19.0,1.0,3.0,22.0,,1.0,
when,,30.0,8.0,17.0,,12.0,1.0,2.0,,1.0,38.0,11.0,2.0,1.0,3.0,,4.0,11.0,5.0,2.0,16.0,21.0,1.0,2.0,1.0,4.0,2.0,6.0,8.0,,4.0,56.0,,1.0,116.0,5.0,103.0,,,,1.0,1.0,1.0,7.0,32.0,6.0,4.0,2.0,1.0,3.0,25.0,5.0,,14.0,40.0,,8.0,41.0,,1.0,22.0,2.0,4.0,
where,1.0,20.0,1.0,13.0,,1.0,,,1.0,,21.0,,1.0,,,1.0,1.0,2.0,,,8.0,8.0,2.0,1.0,2.0,1.0,,2.0,4.0,,,15.0,,,36.0,1.0,88.0,1.0,,,3.0,,2.0,1.0,23.0,5.0,,,,,20.0,,,21.0,15.0,,11.0,5.0,,1.0,6.0,1.0,1.0,
whether,,14.0,,,,2.0,,,1.0,,4.0,,1.0,,,,1.0,2.0,3.0,,,1.0,,,,,,,,1.0,,4.0,1.0,,2.0,,20.0,,,,,,,,2.0,1.0,,,,,15.0,,,5.0,1.0,,6.0,1.0,,,2.0,,1.0,
which,1.0,45.0,2.0,14.0,,8.0,,,,1.0,21.0,2.0,2.0,4.0,1.0,,5.0,8.0,8.0,,9.0,26.0,4.0,2.0,4.0,4.0,,2.0,9.0,,1.0,47.0,,,34.0,1.0,61.0,4.0,1.0,,2.0,1.0,,1.0,5.0,16.0,,2.0,2.0,4.0,35.0,2.0,,17.0,21.0,,20.0,11.0,,1.0,13.0,1.0,2.0,3.0
while,1.0,10.0,2.0,2.0,,4.0,2.0,1.0,,,24.0,1.0,1.0,,2.0,,1.0,6.0,2.0,,6.0,9.0,,,2.0,1.0,,3.0,5.0,,1.0,17.0,,,70.0,1.0,10.0,1.0,1.0,1.0,1.0,1.0,1.0,4.0,2.0,3.0,3.0,43.0,,1.0,15.0,,,5.0,8.0,,13.0,9.0,,,4.0,1.0,1.0,1.0
white,,,,,,3.0,,,,,7.0,1.0,,,3.0,,,1.0,,,,,,,,2.0,,,1.0,,,4.0,,,1.0,2.0,1.0,,,,,,,,4.0,2.0,1.0,,1.0,,2.0,,,1.0,,,25.0,1.0,,,3.0,,,
who,1.0,70.0,2.0,2.0,1.0,7.0,,1.0,,2.0,54.0,1.0,,11.0,1.0,3.0,5.0,2.0,15.0,2.0,5.0,18.0,1.0,,1.0,6.0,,3.0,11.0,1.0,4.0,50.0,1.0,,2.0,3.0,74.0,,3.0,1.0,3.0,,5.0,3.0,15.0,5.0,3.0,5.0,6.0,,50.0,5.0,4.0,18.0,15.0,,22.0,34.0,,1.0,21.0,,2.0,1.0
whole,,4.0,,,,2.0,,,,,4.0,,,2.0,,,,,1.0,,1.0,4.0,1.0,,,,2.0,,,,,5.0,,,11.0,,20.0,,,,,,,,4.0,,1.0,,,,3.0,,,1.0,1.0,,,10.0,,,2.0,,1.0,3.0
why,,32.0,2.0,2.0,1.0,1.0,,,2.0,1.0,18.0,1.0,,4.0,,1.0,,3.0,2.0,4.0,5.0,9.0,2.0,,2.0,1.0,3.0,2.0,3.0,,,15.0,,3.0,21.0,1.0,17.0,1.0,,,9.0,,,2.0,12.0,4.0,4.0,1.0,1.0,1.0,14.0,3.0,,3.0,24.0,,2.0,8.0,2.0,1.0,12.0,,,
will,,53.0,5.0,15.0,21.0,10.0,3.0,5.0,1.0,2.0,37.0,5.0,7.0,4.0,3.0,,1.0,28.0,7.0,1.0,12.0,21.0,,,5.0,7.0,,6.0,8.0,,4.0,47.0,1.0,1.0,119.0,1.0,77.0,3.0,3.0,,7.0,,1.0,1.0,6.0,15.0,5.0,3.0,,4.0,41.0,5.0,1.0,35.0,50.0,3.0,14.0,22.0,,1.0,8.0,,,2.0
window,,,1.0,9.0,,,,,,,,,,,,,2.0,,,,,2.0,,,,,,,,,,2.0,,,12.0,,,,,,,,,,42.0,1.0,,,,,1.0,2.0,,2.0,,,14.0,3.0,,,1.0,,,
within,,2.0,,3.0,,,,,,,4.0,,1.0,,,,,,,,,2.0,,,1.0,1.0,,,,,,2.0,,,3.0,,15.0,,,,,,,,,1.0,,1.0,,,4.0,,,2.0,2.0,,6.0,1.0,,1.0,,,,1.0
without,1.0,12.0,1.0,5.0,,4.0,,,2.0,,5.0,,,,,,,3.0,1.0,,1.0,8.0,,,,,,1.0,1.0,,1.0,6.0,,,21.0,,3.0,2.0,,1.0,,,,,6.0,2.0,,1.0,,,12.0,2.0,,6.0,2.0,,,6.0,,,6.0,,1.0,1.0
women,,,,,,1.0,,,,,22.0,,2.0,,,2.0,,,1.0,,,,1.0,,,,,,4.0,,,1.0,,,,,,,,,,,,,5.0,,1.0,,,,,,,19.0,,,,2.0,,,3.0,,,2.0
won,1.0,10.0,2.0,2.0,,3.0,1.0,,,,4.0,,,1.0,1.0,1.0,,1.0,,,,,,,2.0,,1.0,2.0,4.0,,2.0,8.0,,,14.0,,9.0,,,,1.0,,,,1.0,1.0,,,,,5.0,1.0,2.0,,11.0,,2.0,4.0,,,2.0,1.0,2.0,
word,,3.0,,21.0,,1.0,,,,,2.0,3.0,,1.0,,,,2.0,1.0,,,2.0,,,1.0,2.0,,,5.0,,,7.0,,,3.0,,9.0,,,,,,1.0,,2.0,2.0,1.0,,,,,1.0,,,1.0,,1.0,3.0,,,2.0,,,
words,2.0,1.0,,,1.0,,,,,1.0,6.0,,,,,,,2.0,,1.0,,4.0,3.0,,2.0,,,,1.0,,,11.0,,,1.0,,17.0,,,,,,1.0,,2.0,1.0,1.0,,,,5.0,4.0,,,1.0,,,7.0,,,2.0,,1.0,
work,,59.0,2.0,12.0,,3.0,1.0,1.0,4.0,1.0,5.0,3.0,,,,1.0,1.0,6.0,2.0,1.0,6.0,18.0,,2.0,,1.0,4.0,3.0,,1.0,2.0,14.0,,1.0,51.0,,90.0,,,,,,1.0,4.0,15.0,3.0,2.0,1.0,,1.0,19.0,3.0,,14.0,17.0,,4.0,10.0,,,8.0,1.0,5.0,
worked,,5.0,,6.0,,2.0,,,,1.0,4.0,1.0,,1.0,,1.0,,,1.0,,3.0,3.0,,,,,,,,1.0,,5.0,,,8.0,,4.0,,,,,,,5.0,1.0,,,,,,4.0,,,4.0,5.0,,,1.0,,,3.0,,,
working,,7.0,1.0,6.0,3.0,,,,,,4.0,,2.0,,,,2.0,2.0,,,4.0,5.0,,,,3.0,,,,1.0,,5.0,,1.0,48.0,1.0,38.0,,,,1.0,1.0,1.0,1.0,10.0,1.0,,,,,3.0,,,4.0,1.0,,4.0,2.0,,,4.0,1.0,,1.0
works,,,,4.0,,,,,,,5.0,,1.0,,,,,15.0,2.0,,,5.0,,,,,,,,,,,,1.0,15.0,,11.0,,,,1.0,,,,3.0,3.0,,,,,5.0,,,8.0,1.0,,1.0,2.0,,,7.0,,,
world,,13.0,,,3.0,7.0,1.0,1.0,,,18.0,3.0,1.0,1.0,,,1.0,3.0,,,1.0,11.0,2.0,2.0,2.0,1.0,1.0,,10.0,2.0,2.0,19.0,,,11.0,1.0,4.0,,1.0,,7.0,,2.0,2.0,2.0,2.0,1.0,4.0,,2.0,10.0,7.0,,32.0,4.0,1.0,2.0,7.0,,,9.0,,1.0,
worth,,5.0,1.0,3.0,,,,,,,1.0,,,,,,,,1.0,,,2.0,,,,,,1.0,,,,3.0,,,3.0,,6.0,,,,,,,,3.0,,,,,,1.0,1.0,,,1.0,,,2.0,,2.0,1.0,,2.0,
would,2.0,20.0,,5.0,1.0,7.0,1.0,1.0,,2.0,17.0,,1.0,7.0,2.0,4.0,11.0,,1.0,,8.0,13.0,,,1.0,1.0,,3.0,3.0,1.0,2.0,44.0,,2.0,109.0,,60.0,,,2.0,,2.0,,4.0,7.0,4.0,2.0,,,,46.0,1.0,1.0,1.0,30.0,,36.0,16.0,,4.0,11.0,,,
wouldn,1.0,4.0,,2.0,,,1.0,,,,2.0,,,,,,2.0,,1.0,,1.0,1.0,,,,,,1.0,2.0,,,6.0,,,4.0,,4.0,,,,,,,,2.0,,,,,,5.0,,,1.0,3.0,,1.0,4.0,,,,,,1.0
write,,3.0,,,,1.0,1.0,,,,,3.0,,,,,,2.0,,,2.0,3.0,,,1.0,,,,,1.0,,23.0,,1.0,11.0,,35.0,,,,1.0,,,,5.0,1.0,,,,,5.0,,1.0,,9.0,,,6.0,,,2.0,,1.0,
writing,,4.0,1.0,,,,,,,,3.0,2.0,,1.0,,,,,,,,4.0,,,,,,,,,1.0,29.0,,1.0,14.0,,19.0,,,,1.0,,,1.0,,,,,,,6.0,2.0,,,5.0,,,13.0,,,1.0,,,
wrong,,6.0,,2.0,,,,1.0,,,5.0,1.0,,1.0,,,1.0,1.0,,,5.0,,2.0,,1.0,,,1.0,,,,3.0,1.0,,2.0,,5.0,,,1.0,4.0,,,,4.0,,,,,,6.0,,,1.0,4.0,,,7.0,,,3.0,,2.0,
wrote,,2.0,2.0,,,,2.0,,1.0,,5.0,1.0,,,,,,,,,1.0,,,2.0,,,,,,1.0,,18.0,,,9.0,,4.0,,,,1.0,,,,2.0,2.0,,,,,3.0,1.0,1.0,,6.0,,3.0,1.0,,,4.0,,1.0,1.0
x,,4.0,,3.0,,3.0,,,1.0,,6.0,,1.0,,,,1.0,,,,3.0,,,,,,,,,1.0,,,,2.0,46.0,,,,,,4.0,,,,13.0,,1.0,,,,1.0,,,4.0,,,4.0,1.0,,,6.0,,,
year,,14.0,,,3.0,3.0,1.0,,,,19.0,4.0,3.0,1.0,2.0,1.0,,3.0,6.0,,2.0,5.0,,,2.0,,,,9.0,3.0,1.0,32.0,,1.0,19.0,5.0,50.0,,4.0,1.0,1.0,,,2.0,9.0,6.0,,3.0,2.0,2.0,15.0,3.0,1.0,11.0,18.0,,8.0,10.0,,3.0,11.0,,2.0,1.0
years,1.0,16.0,1.0,1.0,6.0,7.0,4.0,2.0,2.0,,25.0,5.0,1.0,3.0,3.0,,1.0,1.0,7.0,,8.0,5.0,1.0,1.0,,,,,8.0,2.0,,20.0,,1.0,13.0,1.0,31.0,,,1.0,5.0,,,14.0,21.0,,2.0,5.0,3.0,1.0,28.0,11.0,1.0,10.0,6.0,,8.0,10.0,,,16.0,2.0,,2.0
yet,1.0,6.0,,3.0,,4.0,1.0,,,,2.0,1.0,,,2.0,,1.0,,1.0,,2.0,1.0,,,,,2.0,,1.0,,,6.0,,,7.0,1.0,2.0,,,,,,,,1.0,2.0,,,,1.0,6.0,1.0,,1.0,1.0,,5.0,1.0,,,,1.0,,
york,4.0,1.0,,,,2.0,,,1.0,,17.0,,,1.0,,,,,2.0,,,1.0,,1.0,,1.0,,,7.0,,2.0,3.0,,,2.0,,1.0,,,,,,,,,,,,1.0,,4.0,,,2.0,2.0,,3.0,,,1.0,2.0,,2.0,
young,,2.0,,,,,,,2.0,,5.0,,,4.0,,,,,,,,,,,1.0,,,,4.0,,,4.0,,,,,,,,,,,,,2.0,,,,,,8.0,,4.0,1.0,,,,2.0,,,3.0,,,
your,,83.0,1.0,63.0,,16.0,,,7.0,4.0,16.0,6.0,6.0,4.0,4.0,1.0,8.0,45.0,3.0,3.0,13.0,31.0,,,3.0,5.0,7.0,23.0,7.0,5.0,1.0,20.0,,,223.0,,306.0,10.0,1.0,,,,,4.0,48.0,11.0,6.0,4.0,2.0,2.0,12.0,12.0,,94.0,79.0,,1.0,25.0,,1.0,10.0,,2.0,1.0
